{"Total Iteration Time":5.397447100000022,"Timestep Consumption Time":2.943524200000013,"z_vel":-30.971885143530763,"SB3 Clip Fraction":0.0038166665084039173,"Cumulative Timesteps":2650689858,"_wandb":{"runtime":708181},"Cumulative Model Updates":317836,"_runtime":708181.4402264,"x_vel":37.13333417424997,"_step":296444,"Policy Reward":23.67553918407418,"Timesteps Collected":50042,"PPO Batch Consumption Time":0.33779295285542804,"y_vel":74.50290196765643,"Value Function Update Magnitude":0.33557531237602234,"_timestamp":1.7409741011384134e+09,"Overall Steps per Second":9271.42018677678,"Mean KL Divergence":0.00035402466407200944,"Value Function Loss":0.0018090096418745816,"Collected Steps per Second":20392.653738224544,"Timestep Collection Time":2.453922900000009,"Policy Entropy":4.464207013448079,"Policy Update Magnitude":0.23267501592636108}