{"Policy Update Magnitude":0.5460182428359985,"Overall Steps per Second":9835.455963506542,"Value Function Update Magnitude":0.5961440205574036,"Mean KL Divergence":0.017462597073366243,"Policy Entropy":2.2752111355463662,"y_vel":221.3329303537237,"Timestep Consumption Time":2.690281100001812,"Value Function Loss":0.014924540494879087,"PPO Batch Consumption Time":0.32603855927785236,"Timesteps Collected":50026,"Cumulative Model Updates":199696,"Policy Reward":504.39383830048956,"z_vel":2.642962760042819,"Collected Steps per Second":20878.87082980454,"x_vel":16.634327444757876,"_wandb":{"runtime":269433},"Cumulative Timesteps":1665421678,"_step":111810,"SB3 Clip Fraction":0.14296332746744156,"Timestep Collection Time":2.3960107999992033,"_runtime":269433.5731813,"_timestamp":1.7393927628694582e+09,"Total Iteration Time":5.086291900001015}