{"x_vel":-47.397788893491395,"Policy Update Magnitude":0.11046535521745682,"Value Function Loss":2.247334082921346,"Timestep Collection Time":3.548633699999982,"_step":1505,"Timesteps Collected":50022,"Policy Entropy":0.6230427821477255,"Collected Steps per Second":14096.12944835649,"Cumulative Model Updates":4498,"Cumulative Timesteps":37664000,"Total Iteration Time":5.023800499999879,"_timestamp":1.7371051373312325e+09,"Overall Steps per Second":9957.003666845689,"PPO Batch Consumption Time":0.12840243180592856,"Value Function Update Magnitude":0.1792289763689041,"_wandb":{"runtime":3134},"SB3 Clip Fraction":0.04928666570534309,"y_vel":227.22062457813877,"Mean KL Divergence":0.003999132274960478,"Timestep Consumption Time":1.4751667999998972,"_runtime":3134.7698346,"z_vel":1.1561385463549092,"Policy Reward":578.6163637787448}