{"_runtime":560286.8830606,"Value Function Update Magnitude":0.3295065462589264,"Timesteps Collected":50014,"z_vel":9.882968684576822,"Mean KL Divergence":0.002970984516044458,"y_vel":24.704978830608383,"Cumulative Model Updates":377596,"Total Iteration Time":6.2981394999997065,"Collected Steps per Second":14203.634982087888,"_step":233804,"Cumulative Timesteps":3149197178,"x_vel":24.153530770202316,"Value Function Loss":0.007033422434081634,"_timestamp":1.7398624397905324e+09,"Policy Reward":69.32951393362266,"SB3 Clip Fraction":0.022613332606852055,"PPO Batch Consumption Time":0.33385980129241943,"_wandb":{"runtime":560287},"Overall Steps per Second":7941.0752969194045,"Policy Update Magnitude":0.23732560873031616,"Policy Entropy":3.9939308563868203,"Timestep Collection Time":3.521211299999777,"Timestep Consumption Time":2.7769281999999293}