{"Policy Entropy":4.350784381230672,"Value Function Update Magnitude":0.11538320779800415,"_timestamp":1.7397439033437862e+09,"Timesteps Collected":50016,"x_vel":-3.620454741389492,"_wandb":{"runtime":478141},"Policy Reward":9.313511518407571,"SB3 Clip Fraction":0.004693333253574868,"Timestep Consumption Time":2.7107319999922765,"_runtime":478141.382842,"z_vel":10.670464757370873,"Mean KL Divergence":0.000908342810968558,"Collected Steps per Second":19552.584513399208,"Cumulative Model Updates":401588,"Overall Steps per Second":9492.94112444718,"Value Function Loss":7.148183552393068e-05,"Total Iteration Time":5.268756999998004,"Cumulative Timesteps":3349067938,"PPO Batch Consumption Time":0.3129348357518514,"Policy Update Magnitude":0.30311378836631775,"y_vel":63.23014044043928,"_step":199490,"Timestep Collection Time":2.5580250000057276}