{"_wandb":{"runtime":594320},"z_vel":-34.519365109598986,"Value Function Update Magnitude":0.12331496179103851,"Overall Steps per Second":10689.634657342203,"Policy Reward":9.78193141219926,"_runtime":594320.1676865,"PPO Batch Consumption Time":0.27972416083017987,"Value Function Loss":0.0001937665292643942,"x_vel":62.0083226481291,"_timestamp":1.739903341784332e+09,"Cumulative Timesteps":417530484,"Policy Update Magnitude":0.054327093064785004,"Collected Steps per Second":22164.844461697507,"_step":248242,"Cumulative Model Updates":50038,"Policy Entropy":4.498751640319824,"SB3 Clip Fraction":0,"y_vel":97.0000794386195,"Mean KL Divergence":5.261599896281647e-05,"Timesteps Collected":50022,"Timestep Consumption Time":2.422669299999825,"Timestep Collection Time":2.2568171000000348,"Total Iteration Time":4.67948639999986}