{"Cumulative Timesteps":1444892032,"Mean KL Divergence":0.009130185935646296,"Cumulative Model Updates":173274,"PPO Batch Consumption Time":0.41187119483947754,"SB3 Clip Fraction":0.12955999498565993,"Timestep Consumption Time":3.2767876999987493,"Policy Entropy":3.7725085814793906,"Overall Steps per Second":7856.159967392482,"Policy Reward":45111.30357512042,"_timestamp":1.740812937071563e+09,"_runtime":267699.3735538,"Value Function Loss":0.017912785212198894,"Timestep Collection Time":3.0878994000013336,"Value Function Update Magnitude":0.6095926761627197,"Collected Steps per Second":16192.885040224564,"Policy Update Magnitude":0.4525419771671295,"x_vel":1.1210506884925582,"y_vel":0.9408417485765243,"z_vel":-0.6519731412369806,"Total Iteration Time":6.364687100000083,"_wandb":{"runtime":267699},"Timesteps Collected":50002,"_step":111665}