{"Value Function Loss":0.07061884303887685,"Policy Entropy":1.6309897303581238,"_timestamp":1.7372607037317889e+09,"_runtime":97170.1591528,"Cumulative Timesteps":886373140,"Total Iteration Time":6.127969099999973,"Timestep Consumption Time":3.1982617999999547,"_wandb":{"runtime":97170},"PPO Batch Consumption Time":0.3891409635543823,"Mean KL Divergence":0.016258245489249628,"z_vel":3.957644410674285,"Policy Reward":16042.315048560322,"SB3 Clip Fraction":0.14930332576235136,"Overall Steps per Second":8159.31007223914,"_step":35432,"y_vel":11.977592940102735,"Collected Steps per Second":17066.551324086093,"Value Function Update Magnitude":0.5202290415763855,"Policy Update Magnitude":0.5268579721450806,"Timesteps Collected":50000,"Cumulative Model Updates":106264,"Timestep Collection Time":2.929707300000018,"x_vel":-3.9263538988330167}