{"Collected Steps per Second":17474.12268804721,"Timestep Consumption Time":1.5766830000000027,"Policy Reward":268.2351307905909,"z_vel":0.027824884906585225,"Policy Update Magnitude":0.12992918491363525,"_step":723,"Cumulative Timesteps":18106624,"Total Iteration Time":4.440803899999992,"PPO Batch Consumption Time":0.11393698056538899,"_timestamp":1.7371033388761797e+09,"SB3 Clip Fraction":0.07469333087404569,"Value Function Loss":1.580896258354187,"Cumulative Model Updates":2162,"Timesteps Collected":50048,"Mean KL Divergence":0.0064202418240408106,"Timestep Collection Time":2.864120899999989,"_wandb":{"runtime":1363},"Policy Entropy":1.0368621746699016,"Value Function Update Magnitude":0.12434852868318558,"Overall Steps per Second":11270.031536407201,"y_vel":393.8626387583588,"_runtime":1363.7070999,"x_vel":44.8941095251042}