{"x_vel":17.82176032595469,"Total Iteration Time":5.3853153999989445,"_timestamp":1.7394371005779765e+09,"_wandb":{"runtime":290836},"Timestep Consumption Time":2.8365964999975404,"SB3 Clip Fraction":0.1683666631579399,"Cumulative Model Updates":226016,"Policy Reward":459.9285879426582,"_step":120586,"Cumulative Timesteps":1884891998,"Policy Update Magnitude":0.5251405239105225,"Timesteps Collected":50026,"Overall Steps per Second":9289.335217025508,"Value Function Loss":0.0163211099182566,"z_vel":3.6357906466419414,"Value Function Update Magnitude":0.5716269016265869,"Timestep Collection Time":2.548718900001404,"y_vel":198.0139289301052,"Collected Steps per Second":19627.90011875081,"PPO Batch Consumption Time":0.3177781105041504,"Mean KL Divergence":0.026997872938712437,"Policy Entropy":2.110520601272583,"_runtime":290836.7810067}