{"PPO Batch Consumption Time":0.33014710744222003,"_wandb":{"runtime":802326},"Policy Reward":93.40498103716051,"Timestep Collection Time":2.768822199999704,"Timesteps Collected":50000,"Mean KL Divergence":0.00196115478562812,"_step":332958,"Collected Steps per Second":18058.219845248765,"Total Iteration Time":5.529777100000501,"Overall Steps per Second":9041.955777927373,"Value Function Loss":0.004751100903376937,"Cumulative Model Updates":151166,"_runtime":802326.6873555,"y_vel":-151.85440780999588,"SB3 Clip Fraction":0.020666666328907013,"Timestep Consumption Time":2.7609549000007974,"Policy Update Magnitude":0.6857930421829224,"Cumulative Timesteps":1260649834,"Policy Entropy":4.424497286478679,"_timestamp":1.7410700799075294e+09,"x_vel":35.714777673796306,"z_vel":-24.077288948783874,"Value Function Update Magnitude":0.4894172251224518}