{"Timesteps Collected":50020,"Cumulative Model Updates":179054,"Overall Steps per Second":9680.377619111303,"Policy Entropy":2.9523762861887612,"x_vel":-19.244235570661605,"_step":104926,"Cumulative Timesteps":1493267790,"Policy Update Magnitude":0.5695657730102539,"Value Function Loss":0.004201386123895645,"_wandb":{"runtime":253295},"z_vel":1.5240941997804511,"Collected Steps per Second":20125.905605395666,"Policy Reward":3998.566300565907,"Value Function Update Magnitude":0.4656720459461212,"Timestep Consumption Time":2.681799799996952,"_runtime":253295.6394573,"PPO Batch Consumption Time":0.3106471300125122,"_timestamp":1.7393765698695233e+09,"Timestep Collection Time":2.4853540000003704,"SB3 Clip Fraction":0.10115333149830501,"y_vel":18.701285991886678,"Total Iteration Time":5.1671537999973225,"Mean KL Divergence":0.009942688513547182}