{"Overall Steps per Second":11477.350380729542,"Cumulative Timesteps":2251046,"Value Function Update Magnitude":0.05296166613698006,"SB3 Clip Fraction":0.014293332894643148,"_timestamp":1.732470807426202e+09,"Policy Entropy":0.6375097036361694,"y_vel":433.76158617546935,"_wandb":{"runtime":395},"x_vel":50.07595352530686,"_runtime":395.0679436,"Policy Update Magnitude":0.0734354555606842,"Timestep Consumption Time":1.726731000000001,"Collected Steps per Second":19007.26859136824,"Mean KL Divergence":0.0021112720326830945,"_step":197,"Cumulative Model Updates":128,"Timestep Collection Time":2.631940499999999,"PPO Batch Consumption Time":0.31714026133219403,"Total Iteration Time":4.3586715,"Value Function Loss":0.0640520267188549,"Policy Reward":0.003911575493977455,"z_vel":19.518622298903857,"Timesteps Collected":50026}