{"Value Function Update Magnitude":0.567605197429657,"_runtime":129898.3539592,"Timestep Consumption Time":2.535913599997002,"Cumulative Model Updates":164448,"Cumulative Timesteps":1371297704,"PPO Batch Consumption Time":0.2937788168589274,"Timestep Collection Time":2.611333699998795,"Mean KL Divergence":0.01371849987966319,"_wandb":{"runtime":129898},"_timestamp":1.7405901508383813e+09,"z_vel":-3.7366592361263598,"Overall Steps per Second":9722.86682243553,"x_vel":12.153162896868858,"Total Iteration Time":5.147247299995797,"Timesteps Collected":50046,"Collected Steps per Second":19164.9194432803,"Policy Entropy":3.788747946421305,"y_vel":-14.690235333530165,"_step":54833,"Policy Reward":28249.771562919203,"Value Function Loss":0.03308045367399851,"Policy Update Magnitude":0.46101850271224976,"SB3 Clip Fraction":0.1670299954712391}