{"SB3 Clip Fraction":0.08409666394193967,"Policy Update Magnitude":0.4443175494670868,"Policy Reward":415.4613103870887,"PPO Batch Consumption Time":35.47140268484751,"Timestep Collection Time":10.658545300000014,"Value Function Update Magnitude":0.23201550543308258,"Overall Steps per Second":222.2616356829744,"x_vel":-9.311268545780774,"Timesteps Collected":50026,"_runtime":2032.6807337,"Total Iteration Time":225.07708019999995,"_wandb":{"runtime":2032},"y_vel":205.7433811346423,"_timestamp":1.7386462850081687e+09,"Cumulative Model Updates":1216,"Collected Steps per Second":4693.511036632732,"Value Function Loss":2.1808236042658486,"Mean KL Divergence":0.007048384752124548,"Cumulative Timesteps":10203384,"_step":407,"Timestep Consumption Time":214.41853489999994,"Policy Entropy":2.671009063720703,"z_vel":8.3106130875431}