{"_wandb":{"runtime":755059},"Timesteps Collected":50012,"_timestamp":1.7410212590686295e+09,"Cumulative Timesteps":806329392,"Total Iteration Time":5.917887199999996,"Collected Steps per Second":16843.996443266795,"Cumulative Model Updates":96690,"_step":314792,"_runtime":755059.236185,"Mean KL Divergence":0.0022209715680219233,"Value Function Update Magnitude":0.5043013691902161,"Policy Reward":90.98298147901554,"SB3 Clip Fraction":0.023353333119302988,"z_vel":-31.968946736842266,"Value Function Loss":0.003306951878281931,"Policy Entropy":4.429379781087239,"Overall Steps per Second":8450.989062447834,"y_vel":-195.40433230374794,"Policy Update Magnitude":0.6598275899887085,"x_vel":-25.86685236858904,"PPO Batch Consumption Time":0.3422781626383464,"Timestep Consumption Time":2.948758099999992,"Timestep Collection Time":2.9691291000000035}