{"y_vel":0.197847288773391,"_timestamp":1.7371013361630213e+09,"Mean KL Divergence":0.0035133927206819258,"SB3 Clip Fraction":0.018846665897096198,"Overall Steps per Second":11637.214683598988,"Timestep Collection Time":2.96929769999997,"x_vel":-0.04950163491984342,"PPO Batch Consumption Time":0.11382051308949788,"Total Iteration Time":4.297763799999984,"_runtime":2561.0290274,"Timestep Consumption Time":1.3284661000000142,"Policy Entropy":2.1995344161987305,"Value Function Update Magnitude":0.05337311699986458,"Cumulative Model Updates":4112,"Cumulative Timesteps":34412862,"Value Function Loss":2.905067722002665,"Timesteps Collected":50014,"_wandb":{"runtime":2561},"_step":1375,"z_vel":0.005063937601030824,"Policy Update Magnitude":0.06342323869466782,"Collected Steps per Second":16843.713582508248,"Policy Reward":1645.6632868133308}