{"y_vel":98.0014986460767,"x_vel":24.247972513230852,"_timestamp":1.7409483289690926e+09,"Cumulative Timesteps":2648389100,"Timestep Consumption Time":2.72827050000069,"Timestep Collection Time":2.330747899999551,"Collected Steps per Second":21452.34154239059,"Overall Steps per Second":9883.34021477321,"Total Iteration Time":5.059018400000241,"Mean KL Divergence":0.0003884711380427082,"_runtime":707947.8235575,"Value Function Loss":0.0018617634389859934,"_wandb":{"runtime":707947},"SB3 Clip Fraction":0.003319999920980384,"_step":296352,"Timesteps Collected":50000,"PPO Batch Consumption Time":0.3296128511428833,"z_vel":-21.40703327818662,"Policy Update Magnitude":0.2680039703845978,"Cumulative Model Updates":317570,"Policy Reward":22.53405372061654,"Value Function Update Magnitude":0.3873089551925659,"Policy Entropy":4.463563442230225}