{"_wandb":{"runtime":3022},"_step":1574,"y_vel":0.2764277811986731,"Collected Steps per Second":15236.76599215251,"Mean KL Divergence":0.003948649352726837,"_timestamp":1.7371018605814166e+09,"Overall Steps per Second":10725.85292172037,"Timesteps Collected":50008,"PPO Batch Consumption Time":0.12963608900705972,"Timestep Collection Time":3.2820613000000094,"Policy Reward":1633.3279759591642,"Value Function Loss":2.996538678805033,"Total Iteration Time":4.6623797999999965,"x_vel":-0.03138556559432457,"Cumulative Model Updates":4686,"Policy Entropy":1.7962032159169514,"Value Function Update Magnitude":0.02135530672967434,"SB3 Clip Fraction":0.01640999976856013,"Timestep Consumption Time":1.3803184999999871,"z_vel":0.004122817983753555,"Policy Update Magnitude":0.0710364356637001,"_runtime":3021.3231898,"Cumulative Timesteps":39414890}