{"Policy Reward":81536.49988629697,"z_vel":-0.9428720309510061,"Timestep Consumption Time":2.3988340999985667,"Cumulative Timesteps":1360461862,"Mean KL Divergence":0.009496062528342009,"_wandb":{"runtime":259053},"x_vel":18.413048378274883,"Total Iteration Time":5.188270499998907,"Cumulative Model Updates":163154,"Policy Update Magnitude":0.39929065108299255,"_timestamp":1.740762176990586e+09,"SB3 Clip Fraction":0.13286666572093964,"Value Function Loss":0.019827784039080143,"Timesteps Collected":50026,"_step":108289,"Policy Entropy":3.7536296447118125,"PPO Batch Consumption Time":0.2880123456319173,"_runtime":259053.2228122,"Collected Steps per Second":17934.088764308766,"Timestep Collection Time":2.7894364000003407,"Overall Steps per Second":9642.134117720065,"y_vel":-9.102416479545896,"Value Function Update Magnitude":0.4173319339752197}