{"Cumulative Model Updates":63438,"Policy Reward":15.438429504116211,"_timestamp":1.7399585352820969e+09,"Overall Steps per Second":8704.517495276166,"Cumulative Timesteps":529567204,"Timestep Consumption Time":2.6197290000004614,"z_vel":-32.07644050038787,"Timesteps Collected":50022,"y_vel":91.99324211876822,"_step":252722,"Value Function Update Magnitude":0.32949429750442505,"_wandb":{"runtime":605419},"x_vel":44.03756965160492,"PPO Batch Consumption Time":0.3014935255050659,"SB3 Clip Fraction":0.0024499999126419425,"Mean KL Divergence":0.00044078652960403514,"Timestep Collection Time":3.1269421999995757,"Total Iteration Time":5.746671200000037,"Policy Entropy":4.492171764373779,"Collected Steps per Second":15997.097739768515,"Policy Update Magnitude":0.400534451007843,"Value Function Loss":0.00046259221077586216,"_runtime":605419.7671066}