{"Mean KL Divergence":0.004232044952611129,"_timestamp":1.7370956425996802e+09,"Policy Entropy":0.9316664934158325,"Timestep Consumption Time":1.0131578999998965,"Timestep Collection Time":2.682834400000047,"Timesteps Collected":50030,"SB3 Clip Fraction":0.04907333354155222,"Value Function Update Magnitude":0.041181549429893494,"Total Iteration Time":3.6959922999999435,"Overall Steps per Second":13536.283611846477,"z_vel":0.08070172758682552,"y_vel":10.616092787130173,"x_vel":-25.09245909032883,"Collected Steps per Second":18648.187901571237,"_wandb":{"runtime":31354},"Value Function Loss":0.05373567466934522,"Policy Reward":22929.194415352995,"PPO Batch Consumption Time":0.09859776496887207,"Cumulative Model Updates":23123,"_step":15435,"_runtime":31354.8942022,"Cumulative Timesteps":386033144,"Policy Update Magnitude":0.03124765120446682}