{"Policy Reward":6866.409317847861,"Value Function Update Magnitude":0.23164579272270203,"z_vel":4.001261405196485,"_step":38948,"Cumulative Model Updates":116718,"_timestamp":1.7373466584938378e+09,"SB3 Clip Fraction":0.0703799994662404,"Total Iteration Time":4.4581503,"y_vel":11.660023174274475,"Policy Entropy":1.979594737291336,"Value Function Loss":0.05533095262944698,"_runtime":106257.0837363,"x_vel":-1.4015663887183034,"Overall Steps per Second":11217.656793670685,"Timesteps Collected":50010,"Timestep Consumption Time":1.8210856,"Policy Update Magnitude":0.24873857200145721,"PPO Batch Consumption Time":0.2893543243408203,"_wandb":{"runtime":106257},"Mean KL Divergence":0.006332700839266181,"Timestep Collection Time":2.6370647,"Collected Steps per Second":18964.267353774067,"Cumulative Timesteps":974205600}