{"_wandb":{"runtime":352290},"Timesteps Collected":50026,"Value Function Update Magnitude":0.6063610315322876,"x_vel":2.3440211065820873,"Total Iteration Time":5.02675679999993,"PPO Batch Consumption Time":0.3222593466440837,"y_vel":254.15336922050574,"_step":146696,"Overall Steps per Second":9951.943567271983,"_timestamp":1.739549553755886e+09,"Policy Reward":365.3374635306508,"Mean KL Divergence":0.013292054335276285,"Timestep Collection Time":2.289676200000031,"Timestep Consumption Time":2.7370805999998993,"_runtime":352290.4380337,"z_vel":5.194170729986527,"Cumulative Model Updates":304322,"SB3 Clip Fraction":0.09377333025137584,"Collected Steps per Second":21848.504168405703,"Policy Entropy":2.4504735867182412,"Value Function Loss":0.01751771258811156,"Cumulative Timesteps":2537950430,"Policy Update Magnitude":0.5033843517303467}