{"x_vel":7.903659365944655,"_timestamp":1.7373452554726262e+09,"PPO Batch Consumption Time":0.34710466861724854,"Policy Entropy":2.0123140811920166,"Timestep Consumption Time":1.3845434999999995,"Policy Update Magnitude":0.13153040409088135,"Cumulative Timesteps":973655424,"y_vel":33.73147708359485,"_wandb":{"runtime":105985},"Total Iteration Time":3.7691540000000003,"Value Function Update Magnitude":0.12162549048662186,"_runtime":105985.2893515,"Timesteps Collected":50014,"Value Function Loss":0.0660315565764904,"Mean KL Divergence":0.0017188471101690084,"Collected Steps per Second":20973.655865391847,"_step":38926,"Cumulative Model Updates":116682,"z_vel":4.313675086600281,"Overall Steps per Second":13269.29066840994,"Timestep Collection Time":2.384610500000001,"SB3 Clip Fraction":0.014770000008866191,"Policy Reward":4633.381354874678}