{"Timesteps Collected":50022,"Mean KL Divergence":0.0014123233656088512,"_timestamp":1.7324696147234397e+09,"_step":55,"Policy Update Magnitude":0.049246370792388916,"Cumulative Model Updates":78,"SB3 Clip Fraction":0.0026600000322408355,"Timestep Collection Time":2.224521799999998,"Value Function Update Magnitude":0.05425890162587166,"Collected Steps per Second":22486.630609778716,"Timestep Consumption Time":1.6368666000000012,"Value Function Loss":0.017753001302480698,"Total Iteration Time":3.861388399999999,"Cumulative Timesteps":1400762,"_wandb":{"runtime":111},"y_vel":422.6266038253065,"Policy Entropy":0.6948282917340597,"x_vel":57.55050097030724,"Overall Steps per Second":12954.407797982718,"_runtime":111.2133497,"Policy Reward":-0.01873864759344062,"PPO Batch Consumption Time":0.3163398901621501,"z_vel":21.33231663826829}