{"_timestamp":1.7399819440067465e+09,"Overall Steps per Second":9204.84399762314,"Policy Update Magnitude":0.42029979825019836,"Timesteps Collected":50016,"Value Function Update Magnitude":0.4356032609939575,"Collected Steps per Second":17103.957013586878,"Policy Reward":2.058611969281976,"Mean KL Divergence":0.0007908564439276233,"PPO Batch Consumption Time":0.2916213671366374,"y_vel":105.92431681065973,"_wandb":{"runtime":628727},"Cumulative Model Updates":93550,"Total Iteration Time":5.433660799999984,"SB3 Clip Fraction":0.005636666513358553,"_runtime":628726.9105075,"Timestep Consumption Time":2.5094252000000097,"Policy Entropy":4.4554258187611895,"_step":262766,"Cumulative Timesteps":780746264,"Value Function Loss":0.002049081454363962,"x_vel":69.50855947228173,"Timestep Collection Time":2.9242355999999745,"z_vel":-22.31683733526192}