{"Value Function Loss":0.018698272295296192,"Mean KL Divergence":0.008162674416477481,"_timestamp":1.7396562132493112e+09,"PPO Batch Consumption Time":0.31318124135335285,"Policy Entropy":2.742496887842814,"Cumulative Timesteps":3017701958,"Total Iteration Time":6.162611700005073,"Timestep Collection Time":3.4561839000016334,"Collected Steps per Second":14472.030843027873,"Timesteps Collected":50018,"_runtime":397899.5438485,"SB3 Clip Fraction":0.0694466649244229,"Timestep Consumption Time":2.706427800003439,"z_vel":1.375604503388699,"Policy Update Magnitude":0.45706209540367126,"y_vel":246.1246085454447,"_wandb":{"runtime":397899},"Policy Reward":261.7789726036136,"x_vel":-14.581758666916679,"Overall Steps per Second":8116.364040907985,"Value Function Update Magnitude":0.6882413625717163,"Cumulative Model Updates":361866,"_step":165880}