{"Value Function Update Magnitude":0.4060814082622528,"_runtime":592648.8435639,"Timestep Collection Time":2.6269542,"Collected Steps per Second":19040.301502020855,"z_vel":6.471298863318011,"PPO Batch Consumption Time":0.2790449857711792,"_timestamp":1.7399015678644137e+09,"Cumulative Timesteps":400425176,"Timesteps Collected":50018,"y_vel":-16.01592564825963,"Cumulative Model Updates":48004,"Mean KL Divergence":0.0608796284844478,"Overall Steps per Second":10078.814361631352,"Policy Reward":48.098713675708865,"Policy Entropy":2.8203066190083823,"Timestep Consumption Time":2.3357327000000225,"Total Iteration Time":4.962686900000023,"_step":247558,"x_vel":29.865443134310745,"SB3 Clip Fraction":0.34909332543611526,"Policy Update Magnitude":0.6896331906318665,"_wandb":{"runtime":592648},"Value Function Loss":0.00562781832801799}