{"Collected Steps per Second":5247.128168027644,"PPO Batch Consumption Time":74.9448014497757,"SB3 Clip Fraction":0.1390033302207788,"Cumulative Timesteps":1426866250,"Policy Reward":779756.5728715507,"Overall Steps per Second":108.70099894664472,"Total Iteration Time":460.23496090000026,"Cumulative Model Updates":171108,"Timestep Consumption Time":450.7006025999999,"z_vel":-0.0033506784241691505,"Policy Update Magnitude":0.4489101469516754,"Value Function Update Magnitude":0.5376290082931519,"Mean KL Divergence":0.01062478288076818,"x_vel":7.16445597943075,"Policy Entropy":3.6386033296585083,"Timesteps Collected":50028,"Timestep Collection Time":9.53435830000035,"_wandb":{"runtime":135940},"_timestamp":1.7405962383346894e+09,"Value Function Loss":0.02841143061717351,"_runtime":135940.2047741,"y_vel":-0.7542939735991002,"_step":57055}