{"SB3 Clip Fraction":0.12082999820510547,"PPO Batch Consumption Time":0.3058244784673055,"_step":41858,"_runtime":101424.3932034,"Cumulative Model Updates":125508,"Timestep Consumption Time":2.5683118999995713,"_wandb":{"runtime":101424},"Value Function Loss":0.0048082272211710615,"Total Iteration Time":5.468637799999669,"Timesteps Collected":50002,"Timestep Collection Time":2.900325900000098,"Mean KL Divergence":0.012754162773489952,"Policy Reward":1485.6566168481759,"x_vel":-7.645528009593348,"Cumulative Timesteps":1046783478,"Value Function Update Magnitude":0.517480194568634,"z_vel":2.3083997652593813,"Policy Update Magnitude":0.566605269908905,"_timestamp":1.7389628434575315e+09,"Collected Steps per Second":17240.131531424904,"y_vel":68.57757129537723,"Policy Entropy":3.0350531339645386,"Overall Steps per Second":9143.410448576979}