{"z_vel":3.960577505100167,"Cumulative Model Updates":317700,"_runtime":411576.6678319,"Collected Steps per Second":19733.72799737421,"_wandb":{"runtime":411576},"_timestamp":1.7396773126258676e+09,"Policy Reward":211.1774412654276,"Total Iteration Time":5.289210200000014,"x_vel":7.19559562074085,"Value Function Loss":0.022143790498375893,"Cumulative Timesteps":2649635370,"SB3 Clip Fraction":0.10159999753038089,"_step":171524,"Overall Steps per Second":9458.501006445134,"Value Function Update Magnitude":0.6639649271965027,"Mean KL Divergence":0.017437975543240707,"Timesteps Collected":50028,"Policy Update Magnitude":0.5017880797386169,"PPO Batch Consumption Time":0.33156096935272217,"Timestep Collection Time":2.535152000000039,"Policy Entropy":2.2799098094304404,"y_vel":236.61987307832302,"Timestep Consumption Time":2.7540581999999745}