{"SB3 Clip Fraction":0.07051666577657063,"_timestamp":1.737346516727763e+09,"Total Iteration Time":5.763708999999999,"Value Function Update Magnitude":0.351283997297287,"PPO Batch Consumption Time":0.2893938223520915,"Mean KL Divergence":0.006185720829914014,"_wandb":{"runtime":106234},"Policy Entropy":1.9751967390378316,"x_vel":-11.178887256935447,"Timestep Collection Time":3.2613366999999975,"Collected Steps per Second":15336.043040266293,"y_vel":6.76298766902272,"Value Function Loss":0.056404980520407356,"Timestep Consumption Time":2.502372300000001,"z_vel":4.295854539571008,"Policy Reward":9164.040215873481,"Policy Update Magnitude":0.35003307461738586,"Cumulative Timesteps":973955520,"Overall Steps per Second":8677.74552809658,"_runtime":106233.9704925,"Timesteps Collected":50016,"Cumulative Model Updates":116702,"_step":38938}