{"Timestep Consumption Time":2.6385781999999836,"Overall Steps per Second":9723.14573793532,"_timestamp":1.7399511845952196e+09,"Policy Update Magnitude":0.5444437861442566,"z_vel":-25.948267214690834,"Value Function Update Magnitude":0.4684578478336334,"Policy Entropy":4.4931736787160235,"_runtime":603163.8668663,"Timestep Collection Time":2.5064644999999928,"Total Iteration Time":5.145042699999976,"x_vel":-3.2716788953414135,"PPO Batch Consumption Time":0.30133362611134845,"SB3 Clip Fraction":0.00342333324564,"Policy Reward":8.907218594543847,"Cumulative Timesteps":506359670,"Cumulative Model Updates":60664,"Timesteps Collected":50026,"y_vel":131.60678182754089,"_step":251794,"_wandb":{"runtime":603163},"Collected Steps per Second":19958.790559371635,"Value Function Loss":0.0005421824122701461,"Mean KL Divergence":0.00053654828419288}