{"Timestep Collection Time":3.057121400000142,"Timestep Consumption Time":2.6924168000000464,"y_vel":19.59518743156655,"z_vel":5.038559127882973,"x_vel":-2.047750731870227,"_step":28696,"_runtime":78786.8530964,"Total Iteration Time":5.749538200000188,"Cumulative Model Updates":86080,"Cumulative Timesteps":717912534,"Value Function Update Magnitude":0.7209073305130005,"Collected Steps per Second":16355.254979405685,"Policy Reward":6300.104285587904,"Overall Steps per Second":8696.350604296944,"Timesteps Collected":50000,"Mean KL Divergence":0.01839581069846948,"Policy Update Magnitude":0.4987582862377167,"PPO Batch Consumption Time":0.30292777220408124,"Value Function Loss":0.07581060255567233,"Policy Entropy":1.805110474427541,"_wandb":{"runtime":78786},"SB3 Clip Fraction":0.166139996300141,"_timestamp":1.7372339562720673e+09}