{"Collected Steps per Second":16217.837721277496,"Mean KL Divergence":0.003977641036423544,"x_vel":2.094156138095698,"Value Function Loss":0.09171014279127121,"Policy Update Magnitude":0.17841027677059174,"_step":15867,"z_vel":-0.3084909437631671,"y_vel":27.076274264414227,"Cumulative Model Updates":47574,"Overall Steps per Second":11153.413582576213,"Timestep Collection Time":3.0838883000033093,"_runtime":34994.1153558,"PPO Batch Consumption Time":0.12017679214477539,"Policy Reward":24722.917669057286,"Timestep Consumption Time":1.4002993999965838,"_wandb":{"runtime":34994},"SB3 Clip Fraction":0.04720666569968065,"Timesteps Collected":50014,"Value Function Update Magnitude":0.4168749153614044,"Cumulative Timesteps":396852604,"_timestamp":1.7371370382014647e+09,"Total Iteration Time":4.484187699999893,"Policy Entropy":0.5331177115440369}