{"PPO Batch Consumption Time":0.28419653574625653,"Timestep Collection Time":2.4674334000000044,"_wandb":{"runtime":593123},"Collected Steps per Second":20276.129844071944,"Cumulative Model Updates":48574,"z_vel":-48.142968507090224,"Value Function Update Magnitude":0.10495962202548981,"_runtime":593123.6443237,"Policy Reward":11.832735816385172,"Mean KL Divergence":4.3792995105225906e-05,"Total Iteration Time":5.023020299999985,"Timesteps Collected":50030,"_step":247752,"x_vel":30.984573123532613,"_timestamp":1.7399021029838343e+09,"y_vel":-0.8593004615235774,"SB3 Clip Fraction":0,"Cumulative Timesteps":405276654,"Policy Update Magnitude":0.04057924821972847,"Timestep Consumption Time":2.5555868999999802,"Overall Steps per Second":9960.142904459326,"Policy Entropy":4.499211152394612,"Value Function Loss":8.280319768042925e-05}