{"x_vel":48.922754352970166,"_runtime":161005.2118532,"Policy Update Magnitude":0.5364947319030762,"Cumulative Timesteps":1623520678,"Cumulative Model Updates":194700,"Value Function Loss":0.0003074603494800006,"SB3 Clip Fraction":0.0025166665824751058,"_wandb":{"runtime":161005},"_timestamp":1.7412407293133788e+09,"Overall Steps per Second":8566.72124307518,"Policy Entropy":4.488540410995483,"Timesteps Collected":50036,"Total Iteration Time":5.84074099999998,"z_vel":-35.35055651611676,"Collected Steps per Second":16395.904536620485,"Policy Reward":87.8837130314973,"y_vel":-60.596082364191126,"Timestep Consumption Time":2.7890033000003314,"Mean KL Divergence":0.00034193206859830144,"PPO Batch Consumption Time":0.34461383024851483,"_step":64911,"Timestep Collection Time":3.0517376999996486,"Value Function Update Magnitude":0.31295013427734375}