{"Cumulative Model Updates":125736,"Timestep Consumption Time":318.27485760000036,"Policy Entropy":3.2220683097839355,"Cumulative Timesteps":1048678310,"Policy Reward":1646.3195393531064,"Overall Steps per Second":154.13217420022016,"Policy Update Magnitude":0.5706964731216431,"y_vel":9.92090657094476,"PPO Batch Consumption Time":52.85715472698212,"z_vel":1.0135359104760489,"Collected Steps per Second":8000.890111021573,"_wandb":{"runtime":210883},"Mean KL Divergence":0.01112386118620634,"_timestamp":1.739304999495424e+09,"_step":87148,"Value Function Update Magnitude":0.5301250219345093,"Timesteps Collected":50020,"Total Iteration Time":324.5266620000002,"Value Function Loss":0.0038404653314501047,"Timestep Collection Time":6.251804399999855,"_runtime":210883.3383413,"SB3 Clip Fraction":0.11076666538914044,"x_vel":-3.3289012490105896}