{"Total Iteration Time":5.401669699999729,"z_vel":3.616283227782191,"Overall Steps per Second":9257.137658750684,"Policy Entropy":2.0086543957392373,"Cumulative Model Updates":227850,"_runtime":196910.6019056,"Policy Update Magnitude":0.3146352767944336,"Timestep Consumption Time":2.672776399999748,"PPO Batch Consumption Time":0.3156316677729289,"Collected Steps per Second":18323.911748400107,"Value Function Loss":0.02598166900376479,"x_vel":-8.046822676308686,"Value Function Update Magnitude":0.2588902711868286,"Mean KL Divergence":0.00767979499263068,"Cumulative Timesteps":1900861892,"_timestamp":1.7374379130234995e+09,"_wandb":{"runtime":196910},"SB3 Clip Fraction":0.07380999810993671,"_step":76000,"Timestep Collection Time":2.7288932999999815,"Timesteps Collected":50004,"Policy Reward":48763.44273699049,"y_vel":3.503516052846685}