{"Cumulative Timesteps":407927850,"Collected Steps per Second":6744.098014044689,"_wandb":{"runtime":102450},"Cumulative Model Updates":48904,"Overall Steps per Second":454.2913741024719,"Policy Entropy":2.922931432723999,"SB3 Clip Fraction":0.04307333193719387,"_runtime":102449.5506118,"y_vel":22.913429152271917,"Value Function Update Magnitude":0.2657264769077301,"Timestep Collection Time":7.415076099999965,"z_vel":-0.7517351291748047,"_timestamp":1.738964078947082e+09,"Policy Reward":1901.6373493530957,"Total Iteration Time":110.07913170000006,"x_vel":-4.254867795827072,"Mean KL Divergence":0.004134634626097977,"_step":42192,"Value Function Loss":0.0032901519055788717,"PPO Batch Consumption Time":16.928685426712036,"Timesteps Collected":50008,"Timestep Consumption Time":102.6640556000001,"Policy Update Magnitude":0.38854774832725525}