{"Policy Entropy":4.00628387928009,"Total Iteration Time":5.806819199999154,"Value Function Loss":0.015775373826424282,"x_vel":-29.662440507929517,"_step":31471,"Cumulative Timesteps":787095428,"Mean KL Divergence":0.006808749012028177,"Policy Reward":10083.57588724922,"_timestamp":1.7411500970780835e+09,"Collected Steps per Second":17016.43901052353,"Policy Update Magnitude":0.5655966401100159,"z_vel":-1.7584086617581307,"Value Function Update Magnitude":0.7164204716682434,"Overall Steps per Second":8616.765612403997,"Cumulative Model Updates":94394,"Timestep Consumption Time":2.8663684999992256,"_wandb":{"runtime":78906},"Timestep Collection Time":2.9404506999999285,"PPO Batch Consumption Time":0.3239683707555135,"SB3 Clip Fraction":0.08225999896725018,"Timesteps Collected":50036,"_runtime":78906.7857534,"y_vel":-0.39428515686512355}