{"_timestamp":1.7404982843095007e+09,"Policy Entropy":3.71626869837443,"Cumulative Timesteps":663313980,"Overall Steps per Second":8845.602378482003,"Timesteps Collected":50018,"Value Function Update Magnitude":0.6525710225105286,"Collected Steps per Second":16928.280313751973,"Timestep Collection Time":2.9547005999993416,"_wandb":{"runtime":62505},"SB3 Clip Fraction":0.09193666527668636,"Total Iteration Time":5.654561200000899,"Policy Update Magnitude":0.49577608704566956,"Timestep Consumption Time":2.699860600001557,"PPO Batch Consumption Time":0.30498647689819336,"_runtime":62505.6127886,"Policy Reward":3446.3960469717535,"_step":26523,"y_vel":-5.209499705148943,"Mean KL Divergence":0.00832028997441133,"x_vel":5.070731079454654,"Cumulative Model Updates":79544,"z_vel":-2.3172124215426697,"Value Function Loss":0.06457565414408843}