{"PPO Batch Consumption Time":0.29854102929433185,"_runtime":55764.3878844,"_step":22259,"SB3 Clip Fraction":0.14607999722162882,"Policy Entropy":3.258076548576355,"Policy Reward":116825.5079541362,"_wandb":{"runtime":55764},"_timestamp":1.7411268384209557e+09,"Policy Update Magnitude":0.308521568775177,"Cumulative Timesteps":556707044,"Total Iteration Time":6.0899860999998054,"Timestep Consumption Time":2.7669814999972004,"Value Function Loss":0.2338070571422577,"x_vel":3.2186260093979007,"Timesteps Collected":50026,"Timestep Collection Time":3.323004600002605,"Cumulative Model Updates":66768,"Collected Steps per Second":15054.448013692423,"Value Function Update Magnitude":0.26108378171920776,"y_vel":-13.358960993753001,"Mean KL Divergence":0.015187469931940237,"z_vel":0.0400681887252405,"Overall Steps per Second":8214.468666849929}