{"Timestep Collection Time":2.507540800000001,"Value Function Loss":0.062185050919651985,"Cumulative Timesteps":973755464,"Cumulative Model Updates":116688,"z_vel":4.606261749515965,"SB3 Clip Fraction":0.034709997940808535,"PPO Batch Consumption Time":0.286038875579834,"_runtime":105993.7947115,"_step":38930,"_timestamp":1.7373457512432635e+09,"Overall Steps per Second":11536.448741973456,"Policy Reward":4046.2574704174313,"Collected Steps per Second":19943.842987519874,"Timestep Consumption Time":1.827415399999996,"x_vel":-15.408551567013998,"Policy Entropy":2.005658507347107,"Timesteps Collected":50010,"Mean KL Divergence":0.0035089295415673405,"Total Iteration Time":4.334956199999997,"Value Function Update Magnitude":0.25139880180358887,"y_vel":5.930253553498897,"Policy Update Magnitude":0.26288002729415894,"_wandb":{"runtime":105993}}