{"Cumulative Model Updates":95126,"_wandb":{"runtime":630035},"Mean KL Divergence":0.0006350835901685059,"Collected Steps per Second":21847.43805593794,"Policy Entropy":4.459258635838826,"Timestep Collection Time":2.2895133000001806,"Policy Reward":12.977367620345303,"SB3 Clip Fraction":0.00446333324847122,"Value Function Update Magnitude":0.39888280630111694,"_timestamp":1.7399832806584668e+09,"Policy Update Magnitude":0.3555630147457123,"Total Iteration Time":4.877690799999982,"Overall Steps per Second":10254.852562610196,"y_vel":108.85365887725061,"Value Function Loss":0.001870937548422565,"PPO Batch Consumption Time":0.29462937513987225,"_runtime":630035.3271111,"z_vel":-24.903467004980648,"x_vel":-6.223729056229622,"Cumulative Timesteps":793950764,"Timesteps Collected":50020,"_step":263294,"Timestep Consumption Time":2.5881774999998015}