{"Policy Reward":349.6385149386027,"Timestep Collection Time":4.32260529999985,"Cumulative Timesteps":2160679816,"z_vel":4.379719443861918,"SB3 Clip Fraction":0.1185666633148988,"Timesteps Collected":50018,"Total Iteration Time":7.0429325999975845,"_runtime":316890.5303647,"Value Function Loss":0.01891325879842043,"Overall Steps per Second":7101.871172246793,"Timestep Consumption Time":2.7203272999977344,"Value Function Update Magnitude":0.6210306882858276,"Collected Steps per Second":11571.262358837559,"Cumulative Model Updates":259080,"Policy Entropy":2.102504014968872,"y_vel":238.76772013147357,"_timestamp":1.7395125499646966e+09,"PPO Batch Consumption Time":0.3140784502029419,"Mean KL Divergence":0.016846411706258852,"x_vel":-15.111382609317527,"_wandb":{"runtime":316890},"Policy Update Magnitude":0.5294304490089417,"_step":131610}