{"Mean KL Divergence":0.009519695847605666,"PPO Batch Consumption Time":0.2929348548253377,"Timestep Collection Time":2.9713053999985277,"z_vel":-0.5231270467267424,"Value Function Update Magnitude":0.4862808287143707,"Value Function Loss":0.014124277047812939,"Total Iteration Time":5.54793939999945,"_step":102673,"Cumulative Model Updates":146312,"_timestamp":1.7407484989553719e+09,"_wandb":{"runtime":245421},"Collected Steps per Second":16834.351662412348,"Cumulative Timesteps":1220011498,"Timesteps Collected":50020,"y_vel":3.8859952705166716,"Timestep Consumption Time":2.5766340000009222,"Overall Steps per Second":9015.960051763535,"x_vel":-11.609443025020262,"_runtime":245421.5679019,"Policy Entropy":3.747976620992025,"SB3 Clip Fraction":0.13413666188716888,"Policy Update Magnitude":0.3494724631309509,"Policy Reward":173624.2874229078}