{"y_vel":-9.978360979874132,"Cumulative Timesteps":3492307828,"Timestep Collection Time":2.8560723999980837,"Policy Reward":23.528128071806947,"x_vel":56.02828490159782,"Value Function Update Magnitude":0.3470146059989929,"Policy Update Magnitude":0.23462015390396118,"Timesteps Collected":50034,"PPO Batch Consumption Time":0.3199378252029419,"Policy Entropy":4.115381638209025,"_wandb":{"runtime":592558},"Cumulative Model Updates":418746,"SB3 Clip Fraction":0.0201599996847411,"Collected Steps per Second":17518.463467534497,"_runtime":592558.7025231,"z_vel":9.111855954648217,"Timestep Consumption Time":2.7255374000014854,"Value Function Loss":0.0068888723229368525,"Total Iteration Time":5.581609799999569,"_timestamp":1.7398996133395064e+09,"_step":247524,"Mean KL Divergence":0.0031408750801347196,"Overall Steps per Second":8964.080577614699}