{"Value Function Update Magnitude":0.3530924916267395,"_runtime":5710.8337823,"SB3 Clip Fraction":0.10155333081881206,"_step":1933,"Cumulative Model Updates":5786,"z_vel":-0.11973885399529799,"x_vel":-10.920023472448271,"Value Function Loss":0.41065097351868945,"Timestep Collection Time":2.1825306999999157,"Timestep Consumption Time":2.6389156000000185,"Collected Steps per Second":22917.43250163763,"Policy Reward":2382.188927224965,"Timesteps Collected":50018,"Policy Update Magnitude":0.19858866930007935,"Mean KL Divergence":0.010700364985192815,"y_vel":51.94441317242216,"_timestamp":1.7386525215788543e+09,"Overall Steps per Second":10374.065557880564,"Cumulative Timesteps":48365782,"Total Iteration Time":4.821446299999934,"Policy Entropy":0.87044424811999,"PPO Batch Consumption Time":0.317434827486674,"_wandb":{"runtime":5710}}