{"Policy Reward":1761.3883737098797,"Timestep Collection Time":2.4638570999999843,"z_vel":0.12949776286148976,"x_vel":-10.104863595564181,"Timestep Consumption Time":2.548859499999992,"y_vel":31.96644269208546,"SB3 Clip Fraction":0.05228999877969424,"Mean KL Divergence":0.004755100895029803,"Cumulative Model Updates":49222,"Policy Entropy":3.074366291364034,"_runtime":102727.2846405,"Policy Update Magnitude":0.39646369218826294,"PPO Batch Consumption Time":0.3100781838099162,"Total Iteration Time":5.012716599999976,"Cumulative Timesteps":410628710,"Timesteps Collected":50020,"Collected Steps per Second":20301.50206357354,"Value Function Update Magnitude":0.31149619817733765,"Overall Steps per Second":9978.621173197831,"Value Function Loss":0.003437065597002705,"_step":42300,"_timestamp":1.739174189314407e+09,"_wandb":{"runtime":102727}}