{"Policy Update Magnitude":0.12182115018367767,"Cumulative Model Updates":55294,"Mean KL Divergence":0.00011503179848659784,"Policy Reward":12.000688832215623,"_runtime":598693.8141757,"PPO Batch Consumption Time":0.34688158830006915,"Timesteps Collected":50002,"Overall Steps per Second":8723.562360778196,"y_vel":66.55897557580488,"Collected Steps per Second":17635.432766438313,"Timestep Consumption Time":2.8965181000003213,"Cumulative Timesteps":461444584,"Value Function Loss":7.283817467396148e-05,"z_vel":-23.9045376907713,"Timestep Collection Time":2.835314599999947,"_step":249998,"Policy Entropy":4.4973030885060625,"Total Iteration Time":5.731832700000268,"_wandb":{"runtime":598693},"SB3 Clip Fraction":0.0002899999914613242,"_timestamp":1.7399163658430328e+09,"x_vel":52.199748258453816,"Value Function Update Magnitude":0.11863787472248077}