{"Timesteps Collected":50046,"_step":31547,"PPO Batch Consumption Time":0.28903762499491376,"SB3 Clip Fraction":0.0461499992137154,"Total Iteration Time":5.782917200000014,"Collected Steps per Second":16325.913327622682,"Policy Update Magnitude":0.6440861821174622,"z_vel":0.9087398796308929,"Cumulative Model Updates":94616,"Value Function Update Magnitude":0.736043393611908,"Mean KL Divergence":0.004060963595596452,"Value Function Loss":0.017103238652149837,"Overall Steps per Second":8654.109728563964,"_timestamp":1.7411503343468666e+09,"Timestep Collection Time":3.0654334000000176,"y_vel":-1.5216143167743046,"_runtime":79098.1709503,"x_vel":-13.358404819653158,"Timestep Consumption Time":2.7174837999999966,"Cumulative Timesteps":788996132,"Policy Entropy":3.976502259572347,"Policy Reward":14169.934892299165,"_wandb":{"runtime":79098}}