{"z_vel":11.182682937737317,"Cumulative Model Updates":404150,"Timestep Collection Time":2.5560906999962754,"SB3 Clip Fraction":0.025689998952051003,"y_vel":-6.264183440797101,"Collected Steps per Second":19570.510545683253,"_wandb":{"runtime":547477},"Value Function Loss":0.010089771201213201,"PPO Batch Consumption Time":0.31801823774973553,"Cumulative Timesteps":3370365586,"Total Iteration Time":5.297449899997446,"Value Function Update Magnitude":0.35496383905410767,"Overall Steps per Second":9443.0340908036,"Timesteps Collected":50024,"Policy Reward":9.541379564666963,"_step":228530,"_timestamp":1.7398243241274505e+09,"x_vel":45.444820712190165,"Mean KL Divergence":0.003293802224410077,"Policy Entropy":3.9051217238108316,"Policy Update Magnitude":0.239019513130188,"_runtime":547476.9747134,"Timestep Consumption Time":2.7413592000011704}