{"x_vel":58.951500327188654,"Mean KL Divergence":0.0006338903622236103,"Overall Steps per Second":4256.3946447670505,"Policy Update Magnitude":0.20951424539089203,"Timestep Collection Time":5.541336499999943,"Cumulative Model Updates":229732,"Timesteps Collected":50004,"Timestep Consumption Time":6.2066343000001325,"_runtime":639509.1746833,"_step":267068,"y_vel":142.49399900808214,"_timestamp":1.7408671033905911e+09,"Collected Steps per Second":9023.815824936912,"Policy Entropy":4.42913802464803,"_wandb":{"runtime":639509},"Cumulative Timesteps":1916052562,"PPO Batch Consumption Time":0.8882439136505127,"Value Function Update Magnitude":0.37013596296310425,"z_vel":-32.023575073564764,"Total Iteration Time":11.747970800000076,"Policy Reward":38.486516048268065,"Value Function Loss":0.0035383962094783783,"SB3 Clip Fraction":0.0065299998968839645}