{"Timesteps Collected":50028,"Timestep Collection Time":2.9546408999999993,"_wandb":{"runtime":105973},"Collected Steps per Second":16932.006864184412,"SB3 Clip Fraction":0.0004299999854993075,"Policy Reward":8150.371231061503,"Overall Steps per Second":11786.317651438383,"z_vel":4.931203917133846,"PPO Batch Consumption Time":0.3460960388183594,"Policy Update Magnitude":0.11560050398111343,"_step":38920,"Cumulative Model Updates":116676,"Value Function Update Magnitude":0.1312432438135147,"Policy Entropy":1.9866043329238892,"y_vel":39.475206505029654,"_runtime":105972.9442608,"Value Function Loss":0.06629672646522522,"x_vel":-3.434284681065198,"Mean KL Divergence":0.0001665076892676809,"Total Iteration Time":4.2445827000000005,"Timestep Consumption Time":1.2899418000000011,"_timestamp":1.7373449249159918e+09,"Cumulative Timesteps":973505398}