{"Overall Steps per Second":9185.340064990469,"PPO Batch Consumption Time":0.2939298947652181,"Value Function Update Magnitude":0.4396638572216034,"SB3 Clip Fraction":0.007159999804571271,"x_vel":32.44301142630066,"Timestep Collection Time":2.793836499997269,"_wandb":{"runtime":627784},"Cumulative Timesteps":771343228,"Timestep Consumption Time":2.6496201000009023,"Policy Reward":26.526639127388155,"Total Iteration Time":5.443456599998171,"Collected Steps per Second":17896.537610575593,"_timestamp":1.7399809643311868e+09,"z_vel":-21.73761641290277,"Value Function Loss":0.002515099865073959,"Cumulative Model Updates":92432,"y_vel":178.66849407500345,"Timesteps Collected":50000,"Policy Update Magnitude":0.3977521061897278,"_runtime":627784.4310394,"Policy Entropy":4.449940840403239,"Mean KL Divergence":0.0008491955328887949,"_step":262390}