{"Policy Reward":104.55700103946175,"Timestep Collection Time":3.0486361000002944,"Policy Entropy":4.426711877187093,"Value Function Update Magnitude":0.4636111259460449,"_runtime":754889.2041211,"Mean KL Divergence":0.002300871788368871,"Policy Update Magnitude":0.6673961877822876,"_step":314728,"Cumulative Timesteps":804728822,"SB3 Clip Fraction":0.02420999901369214,"z_vel":-22.916496523451805,"_timestamp":1.741021061237451e+09,"PPO Batch Consumption Time":0.32021450996398926,"x_vel":12.430008713271993,"Cumulative Model Updates":96504,"_wandb":{"runtime":754891},"Timestep Consumption Time":2.6805300999985775,"Value Function Loss":0.003439196851104498,"Timesteps Collected":50000,"Total Iteration Time":5.729166199998872,"Overall Steps per Second":8727.273438150536,"Collected Steps per Second":16400.77672766362,"y_vel":-168.56808068113938}