{"y_vel":-282.36676350166374,"Timesteps Collected":50024,"Mean KL Divergence":0.0061144403492410975,"Cumulative Model Updates":816,"Policy Entropy":4.186494032541911,"PPO Batch Consumption Time":0.3105117082595825,"_step":273,"Timestep Collection Time":2.417754899999977,"Cumulative Timesteps":6852330,"Policy Reward":83.33888459302455,"Value Function Loss":1.7941656311353047,"SB3 Clip Fraction":0.07476999734838803,"_runtime":708.2443168,"Timestep Consumption Time":2.7130509000000984,"Overall Steps per Second":9749.735606831828,"Value Function Update Magnitude":0.19798149168491364,"Policy Update Magnitude":0.6775222420692444,"_wandb":{"runtime":708},"Total Iteration Time":5.130805800000076,"x_vel":46.21947707218357,"z_vel":-27.651826829784,"_timestamp":1.7410717557093148e+09,"Collected Steps per Second":20690.26930728192}