{"_step":165976,"Policy Entropy":2.4465764363606772,"_runtime":398130.3557699,"_wandb":{"runtime":398130},"Cumulative Model Updates":301072,"SB3 Clip Fraction":0.0884199986855189,"z_vel":4.7523371652797275,"Timestep Consumption Time":2.508432599999992,"Cumulative Timesteps":2510891684,"Mean KL Divergence":0.01295128200824062,"Value Function Loss":0.018955990051229794,"Overall Steps per Second":10049.337015653764,"Timestep Collection Time":2.471398399999998,"Timesteps Collected":50044,"Policy Update Magnitude":0.5037206411361694,"Policy Reward":235.65397552362685,"PPO Batch Consumption Time":0.3032289743423462,"Total Iteration Time":4.97983099999999,"y_vel":211.8579625220075,"x_vel":-5.176084690480268,"Value Function Update Magnitude":0.6939114332199097,"_timestamp":1.7396566542406783e+09,"Collected Steps per Second":20249.264545934817}