{"_wandb":{"runtime":70446},"PPO Batch Consumption Time":0.29471174875895184,"_runtime":70445.7875181,"Timesteps Collected":50024,"_timestamp":1.7372249355132134e+09,"Overall Steps per Second":10579.958495263525,"z_vel":5.840675675885278,"Timestep Consumption Time":2.5014885000055074,"SB3 Clip Fraction":0.12432666247089703,"Policy Reward":15249.46724661312,"Collected Steps per Second":22465.568274138644,"Cumulative Model Updates":75988,"Value Function Loss":0.0698769489924113,"Mean KL Divergence":0.011621913406997919,"Value Function Update Magnitude":0.602562665939331,"_step":25328,"Policy Update Magnitude":0.5205314755439758,"x_vel":16.343079512525755,"Timestep Collection Time":2.2266964000009466,"Total Iteration Time":4.728184900006454,"Cumulative Timesteps":633681194,"y_vel":-1.0552478020256937,"Policy Entropy":1.7190678517023723}