{"Value Function Update Magnitude":0.052285823971033096,"PPO Batch Consumption Time":0.3232864538828532,"Timestep Consumption Time":1.6696406999999986,"Policy Update Magnitude":0.0567045621573925,"Timesteps Collected":50046,"Value Function Loss":0.03153478602568308,"Policy Entropy":0.6772549947102865,"Overall Steps per Second":12382.952875770456,"Collected Steps per Second":21099.689900413316,"z_vel":17.488706393673475,"Cumulative Timesteps":1500808,"SB3 Clip Fraction":0.026326666275660198,"_wandb":{"runtime":130},"_runtime":130.4056171,"x_vel":29.073504396597237,"Mean KL Divergence":0.0030385454495747886,"_timestamp":1.7324697068861237e+09,"Policy Reward":0.0168989854936331,"Timestep Collection Time":2.371883199999999,"Total Iteration Time":4.041523899999998,"_step":65,"y_vel":417.7118711166728,"Cumulative Model Updates":84}