{"y_vel":10.404232172354416,"Policy Entropy":1.9857085347175598,"Timesteps Collected":50002,"PPO Batch Consumption Time":0.28389298915863037,"Policy Reward":4187.234469070511,"_step":38866,"Collected Steps per Second":18357.757229986935,"Total Iteration Time":4.530274899999998,"Timestep Collection Time":2.7237531999999973,"z_vel":3.4397781769055937,"Cumulative Timesteps":972154906,"Overall Steps per Second":11037.29930384578,"Value Function Loss":0.060820369981229305,"_timestamp":1.7373444578309963e+09,"_wandb":{"runtime":105829},"Value Function Update Magnitude":0.22711904346942902,"Policy Update Magnitude":0.24518093466758728,"Mean KL Divergence":0.002868029085220769,"SB3 Clip Fraction":0.027344999834895134,"Timestep Consumption Time":1.8065217000000011,"Cumulative Model Updates":116528,"x_vel":-14.258343138086738,"_runtime":105829.6445859}