{"_step":251134,"SB3 Clip Fraction":0.0009333333000540733,"PPO Batch Consumption Time":0.2866942087809245,"_timestamp":1.7399357581965075e+09,"Overall Steps per Second":8783.38249341414,"Policy Reward":11.585987147121056,"Value Function Loss":0.00025080607883865014,"Timestep Consumption Time":2.4459968999999546,"z_vel":-20.108507062777708,"Timesteps Collected":50030,"Total Iteration Time":5.69598330000008,"x_vel":67.26261077115707,"Policy Entropy":4.496667782465617,"Mean KL Divergence":0.00030966655564649653,"_runtime":601505.4699315,"Value Function Update Magnitude":0.5327208638191223,"Timestep Collection Time":3.2499864000001253,"Cumulative Model Updates":58696,"_wandb":{"runtime":601505},"Cumulative Timesteps":489854164,"y_vel":131.71912258702324,"Collected Steps per Second":15393.910571440567,"Policy Update Magnitude":0.3146182596683502}