{"Value Function Update Magnitude":0.6044579744338989,"Timestep Collection Time":2.747414099998423,"_wandb":{"runtime":205491},"Collected Steps per Second":18206.210705560807,"y_vel":58.012578519634936,"SB3 Clip Fraction":0.0957333321372668,"Mean KL Divergence":0.00897840674345692,"Cumulative Model Updates":120214,"Cumulative Timesteps":1002513600,"_step":85299,"Value Function Loss":0.005291001871228218,"Timestep Consumption Time":2.544114399999671,"Total Iteration Time":5.291528499998094,"Policy Update Magnitude":0.5629245638847351,"Policy Entropy":3.1292489767074585,"x_vel":2.0612755534693052,"Timesteps Collected":50020,"Policy Reward":681.6514272142211,"_timestamp":1.7392898874748693e+09,"_runtime":205491.2950599,"z_vel":1.6708294446098462,"PPO Batch Consumption Time":0.30108384291330975,"Overall Steps per Second":9452.84524122246}