{"_runtime":106243.2093924,"Overall Steps per Second":10873.716677749351,"Timestep Consumption Time":1.9103237000000028,"z_vel":4.7585025281074484,"Timestep Collection Time":2.6899432999999995,"x_vel":5.361923064261439,"Policy Reward":5929.826952747633,"Value Function Loss":0.05914241634309292,"Cumulative Timesteps":974055560,"Collected Steps per Second":18595.930999735203,"y_vel":6.445120282165543,"Timesteps Collected":50022,"_wandb":{"runtime":106243},"Cumulative Model Updates":116708,"SB3 Clip Fraction":0.024510000366717577,"Total Iteration Time":4.600267000000002,"Policy Update Magnitude":0.2427826076745987,"Policy Entropy":1.98610720038414,"_timestamp":1.7373465549510765e+09,"Mean KL Divergence":0.002569638905697502,"_step":38942,"Value Function Update Magnitude":0.23728586733341217,"PPO Batch Consumption Time":0.30128759145736694}