{"Value Function Update Magnitude":0.5905991196632385,"Timestep Collection Time":2.5349967000001925,"_step":64225,"Total Iteration Time":5.062696399999368,"_wandb":{"runtime":155402},"y_vel":62.053940019380185,"x_vel":19.334979103272353,"PPO Batch Consumption Time":0.3098791440327962,"Collected Steps per Second":19725.469465106682,"Mean KL Divergence":0.007692614182208975,"Cumulative Timesteps":475499250,"Timestep Consumption Time":2.527699699999175,"Overall Steps per Second":9876.95015644356,"Policy Update Magnitude":0.5169628262519836,"SB3 Clip Fraction":0.08687999720374744,"Policy Entropy":3.346802910168966,"_timestamp":1.7392308608714175e+09,"Timesteps Collected":50004,"Value Function Loss":0.00340108546273162,"_runtime":155402.3628306,"Policy Reward":1319.8713316491142,"Cumulative Model Updates":57010,"z_vel":-1.7297193552790175}