{"_runtime":18676.5930754,"_timestamp":1.7371731259932969e+09,"Policy Entropy":1.0993709961573284,"Total Iteration Time":7.155380100000912,"_wandb":{"runtime":18676},"Cumulative Timesteps":171662902,"_step":6854,"Policy Update Magnitude":0.3663122355937958,"Cumulative Model Updates":20574,"SB3 Clip Fraction":0.0993266652027766,"z_vel":3.8767877696646185,"Mean KL Divergence":0.008220035349950194,"y_vel":26.437269499852686,"Timesteps Collected":50030,"PPO Batch Consumption Time":0.5024743874867758,"Timestep Consumption Time":3.7981842999997752,"Overall Steps per Second":6991.941630046128,"Value Function Loss":0.08628787721196811,"Collected Steps per Second":14902.318178755932,"x_vel":-16.91595826615617,"Policy Reward":3722.502702909213,"Value Function Update Magnitude":0.6582098007202148,"Timestep Collection Time":3.3571958000011364}