{"SB3 Clip Fraction":0.06448000048597653,"_step":149,"Policy Update Magnitude":0.087441585958004,"Timestep Consumption Time":1.7186315999999806,"_timestamp":1.732470197020659e+09,"_runtime":297.436662,"Policy Reward":0.053781624955776326,"Cumulative Model Updates":189,"PPO Batch Consumption Time":0.3223847548166911,"Value Function Update Magnitude":0.04636631906032562,"Timestep Collection Time":2.406618700000024,"Overall Steps per Second":12124.35521791246,"z_vel":18.258315931156922,"x_vel":16.73216569207,"_wandb":{"runtime":297},"y_vel":459.9516032548393,"Total Iteration Time":4.125250300000005,"Value Function Loss":0.05804130559166273,"Cumulative Timesteps":3251554,"Mean KL Divergence":0.0056220015976578,"Timesteps Collected":50016,"Collected Steps per Second":20782.685682613326,"Policy Entropy":0.8036463856697083}