{"SB3 Clip Fraction":0.003229999914765358,"_timestamp":1.7409794624218106e+09,"Mean KL Divergence":0.00030969458748586476,"_runtime":713323.7846216,"Timestep Consumption Time":2.9025751999997738,"Timestep Collection Time":2.5121005999999397,"_step":298528,"Overall Steps per Second":9236.379396898083,"z_vel":-29.537785324693314,"Value Function Loss":0.002833634770164887,"Total Iteration Time":5.4146757999997135,"PPO Batch Consumption Time":0.33651332060496014,"Collected Steps per Second":19908.43838021503,"x_vel":31.60098558131273,"Policy Update Magnitude":0.28469204902648926,"y_vel":111.46507099206927,"_wandb":{"runtime":713323},"Cumulative Timesteps":2702807262,"Cumulative Model Updates":324078,"Value Function Update Magnitude":0.46251097321510315,"Policy Reward":73.07177152172765,"Timesteps Collected":50012,"Policy Entropy":4.469544967015584}