{"_timestamp":1.737156325318497e+09,"Total Iteration Time":7.3311195000001135,"Value Function Loss":0.3408997058868408,"Collected Steps per Second":14356.579291620415,"Timestep Consumption Time":3.8479778000000806,"x_vel":26.787175778537478,"Mean KL Divergence":0.012215082611267766,"Policy Reward":4768.720742672209,"Timesteps Collected":50006,"Policy Entropy":1.928092400232951,"Value Function Update Magnitude":0.35780665278434753,"Cumulative Model Updates":4326,"_runtime":3755.8370639,"_wandb":{"runtime":3755},"z_vel":-0.052787212205854354,"_step":1443,"Policy Update Magnitude":0.14963042736053467,"PPO Batch Consumption Time":0.5174627304077148,"SB3 Clip Fraction":0.13060333083073297,"Timestep Collection Time":3.483141700000033,"Cumulative Timesteps":36113214,"Overall Steps per Second":6821.059184753328,"y_vel":19.492639674516692}