{"SB3 Clip Fraction":0.026606666545073192,"x_vel":-3.1887256277564635,"PPO Batch Consumption Time":0.07841372489929199,"Policy Reward":22492.20517588637,"Cumulative Model Updates":19517,"Total Iteration Time":3.155544200000122,"Value Function Loss":0.0428051141401132,"Timesteps Collected":50030,"_step":13029,"Timestep Collection Time":2.266366199999993,"z_vel":-0.06046664120090171,"_timestamp":1.737091739059001e+09,"_runtime":27489.0858161,"Policy Update Magnitude":0.0356517992913723,"Mean KL Divergence":0.0022786257322877645,"Overall Steps per Second":15854.634519141917,"Cumulative Timesteps":325861632,"y_vel":-6.468220820356709,"Collected Steps per Second":22074.985057578142,"Timestep Consumption Time":0.889178000000129,"Policy Entropy":0.7318437894185384,"Value Function Update Magnitude":0.04952780902385712,"_wandb":{"runtime":27489}}