{"Timestep Consumption Time":2.4882579999999734,"Total Iteration Time":4.920287799999983,"Collected Steps per Second":20559.780969789026,"Timesteps Collected":50002,"Value Function Loss":0.6733201642831167,"_step":67755,"y_vel":3.981449267051895,"Mean KL Divergence":0.016647296957671642,"z_vel":-8.11981850580672,"SB3 Clip Fraction":0.1625733288625876,"Timestep Collection Time":2.4320298000000093,"_timestamp":1.7406303016675236e+09,"Cumulative Model Updates":41578,"_wandb":{"runtime":161292},"Value Function Update Magnitude":0.4751872420310974,"Cumulative Timesteps":346760450,"Policy Update Magnitude":0.41687557101249695,"Policy Entropy":3.152241826057434,"Overall Steps per Second":10162.413670192254,"_runtime":161292.2942821,"PPO Batch Consumption Time":0.3003069957097371,"x_vel":-11.689493636880757,"Policy Reward":10334.376614497734}