{"_wandb":{"runtime":227208},"y_vel":28.427394829240413,"Cumulative Timesteps":2213833908,"_step":88514,"Policy Update Magnitude":0.32214394211769104,"_timestamp":1.7374682433347032e+09,"_runtime":227208.2898462,"Timestep Consumption Time":2.5731993000008515,"Collected Steps per Second":18781.220776355814,"Policy Entropy":2.7211782137552896,"Policy Reward":71714.18888047787,"PPO Batch Consumption Time":0.30906112988789874,"x_vel":-14.148918491741373,"SB3 Clip Fraction":0.06299666501581669,"Timesteps Collected":50030,"Timestep Collection Time":2.663831099998788,"Value Function Update Magnitude":0.2894717752933502,"Total Iteration Time":5.2370303999996395,"Value Function Loss":0.013896565108249584,"z_vel":3.898304135864312,"Overall Steps per Second":9553.123846675293,"Mean KL Divergence":0.007027132747073968,"Cumulative Model Updates":265382}