{"Total Iteration Time":5.193294800003059,"SB3 Clip Fraction":0.061779998863736786,"Policy Reward":19275.80145521497,"_timestamp":1.7375232368739445e+09,"PPO Batch Consumption Time":0.32621578375498456,"x_vel":-1.2688549080191058,"Cumulative Timesteps":2782821940,"Policy Entropy":3.2950382232666016,"_step":111266,"Overall Steps per Second":9631.265300011572,"y_vel":59.737421605304185,"_runtime":282154.6231721,"Cumulative Model Updates":333632,"_wandb":{"runtime":282154},"Collected Steps per Second":21122.434996403128,"z_vel":4.548522954041479,"Value Function Update Magnitude":0.27389055490493774,"Value Function Loss":0.006275019142776728,"Timestep Consumption Time":2.8252913000033004,"Timesteps Collected":50018,"Mean KL Divergence":0.006128964247182012,"Policy Update Magnitude":0.30287399888038635,"Timestep Collection Time":2.368003499999759}