{"Overall Steps per Second":9197.678405233613,"Timesteps Collected":50030,"Value Function Update Magnitude":0.6138160228729248,"Policy Reward":277.34078558551937,"_wandb":{"runtime":349693},"Timestep Consumption Time":2.5688534999935655,"Total Iteration Time":5.43941609999456,"_step":145596,"Policy Entropy":2.4605057636896768,"Cumulative Timesteps":2510441502,"_runtime":349692.8769162,"y_vel":261.31562424661996,"_timestamp":1.7395467978634567e+09,"SB3 Clip Fraction":0.1022433303296566,"Mean KL Divergence":0.01315509807318449,"Value Function Loss":0.017507591284811497,"PPO Batch Consumption Time":0.30323608716328937,"Cumulative Model Updates":301028,"Collected Steps per Second":17428.639250014152,"Policy Update Magnitude":0.47604209184646606,"z_vel":4.5737539330439425,"Timestep Collection Time":2.8705626000009943,"x_vel":-13.906052806573168}