{"_wandb":{"runtime":9211},"y_vel":77.61054503951195,"Overall Steps per Second":14997.881066600885,"z_vel":1.4788954037589277,"SB3 Clip Fraction":0.022799998832245667,"PPO Batch Consumption Time":0.10427093505859375,"Value Function Loss":1.1036376953125,"Policy Entropy":0.6270683606465658,"Timestep Consumption Time":0.9340462000000116,"Collected Steps per Second":20831.543547669557,"Timesteps Collected":50024,"x_vel":-7.654820083911742,"_timestamp":1.7370684948084946e+09,"Policy Update Magnitude":0.0293520987033844,"Mean KL Divergence":0.0021643585447842875,"_runtime":9211.7279786,"Total Iteration Time":3.3354044999996404,"Cumulative Timesteps":136343896,"Cumulative Model Updates":8171,"Policy Reward":2605.566330244484,"Timestep Collection Time":2.401358299999629,"Value Function Update Magnitude":0.025011777877807617,"_step":5451}