{"Cumulative Model Updates":64142,"Timestep Consumption Time":1.2538272000019788,"Policy Reward":22001.113495565074,"PPO Batch Consumption Time":0.0990447203318278,"SB3 Clip Fraction":0.06740999780595303,"Value Function Update Magnitude":0.3519366383552551,"Value Function Loss":0.059125605349739395,"Total Iteration Time":3.7987787000001845,"z_vel":0.4822213508475112,"Overall Steps per Second":13162.12497453394,"Cumulative Timesteps":535105946,"_wandb":{"runtime":49941},"_runtime":49941.4527886,"_step":21397,"y_vel":-3.8277181100805384,"Timestep Collection Time":2.5449514999982057,"Policy Update Magnitude":0.1853952407836914,"x_vel":8.153650791830337,"Mean KL Divergence":0.005633082900506754,"_timestamp":1.737152352525477e+09,"Collected Steps per Second":19646.73982982986,"Policy Entropy":1.3247701128323872,"Timesteps Collected":50000}