{"z_vel":0.2144445360918059,"Total Iteration Time":2.894421800000032,"y_vel":5.631503695956417,"Value Function Loss":0.08051819851001103,"Timestep Collection Time":2.1210300999999845,"Overall Steps per Second":17284.97207974299,"_step":9999,"_timestamp":1.7370810741976619e+09,"Value Function Update Magnitude":0.04171782359480858,"SB3 Clip Fraction":0.03393333281079928,"_wandb":{"runtime":17154},"Policy Update Magnitude":0.021063873544335365,"x_vel":-14.01092566267009,"Policy Reward":40103.444573205794,"_runtime":17154.2995429,"PPO Batch Consumption Time":0.06205956141153971,"Timesteps Collected":50030,"Collected Steps per Second":23587.595480139753,"Timestep Consumption Time":0.7733917000000474,"Mean KL Divergence":0.0026570287300273776,"Cumulative Timesteps":250083488,"Cumulative Model Updates":14979,"Policy Entropy":0.5502955317497253}