{"Overall Steps per Second":206.03559621058835,"_step":16241,"Timestep Consumption Time":234.93650290000005,"Policy Update Magnitude":0.3819248378276825,"Timesteps Collected":50020,"_wandb":{"runtime":39919},"x_vel":3.284625708370739,"_timestamp":1.7386872744365678e+09,"Cumulative Timesteps":406176976,"Policy Entropy":2.88419246673584,"Timestep Collection Time":7.837080499999956,"y_vel":42.1871201417448,"PPO Batch Consumption Time":38.98251954714457,"SB3 Clip Fraction":0.040913332253694534,"_runtime":39918.3908967,"Cumulative Model Updates":48696,"Collected Steps per Second":6382.47878147995,"Total Iteration Time":242.7735834,"Mean KL Divergence":0.003950245212763548,"z_vel":0.07180813038656049,"Value Function Update Magnitude":0.3280140459537506,"Policy Reward":797.4284152095701,"Value Function Loss":0.00368213284915934}