{"Value Function Update Magnitude":0.3277789056301117,"Value Function Loss":0.0018952971828791003,"Mean KL Divergence":0.000603615505193981,"Total Iteration Time":5.0487991999998485,"Cumulative Model Updates":104582,"_wandb":{"runtime":637628},"PPO Batch Consumption Time":0.28372379144032794,"Overall Steps per Second":9910.079212498984,"y_vel":97.96071431564962,"_runtime":637628.6009767,"SB3 Clip Fraction":0.00473333317010353,"z_vel":-14.910714727905301,"Policy Entropy":4.456915060679118,"x_vel":36.05648084621271,"_timestamp":1.7404296309970887e+09,"Timestep Collection Time":2.586873999999625,"Timestep Consumption Time":2.4619252000002234,"_step":266448,"Cumulative Timesteps":872827134,"Policy Reward":38.35997554574621,"Collected Steps per Second":19341.49092688985,"Timesteps Collected":50034,"Policy Update Magnitude":0.3054346740245819}