{"z_vel":0.3783436098192092,"Policy Update Magnitude":0.029764283448457718,"Cumulative Model Updates":23234,"PPO Batch Consumption Time":0.030218839645385742,"x_vel":0.2705755044582534,"SB3 Clip Fraction":0.07664666324853897,"Value Function Loss":0.0822111964225769,"Cumulative Timesteps":387933730,"Value Function Update Magnitude":0.05685606971383095,"Mean KL Divergence":0.006865471911927064,"Timesteps Collected":50008,"Policy Entropy":0.9358727733294169,"_runtime":31475.2889426,"_wandb":{"runtime":31475},"Total Iteration Time":3.0924578999999994,"Timestep Consumption Time":0.7425003000000174,"_step":15511,"y_vel":-3.6635526327063648,"Collected Steps per Second":21280.38395245956,"Policy Reward":18236.307320291166,"_timestamp":1.7370958014274151e+09,"Timestep Collection Time":2.349957599999982,"Overall Steps per Second":16170.95579538852}