{"Policy Reward":30128.563662398094,"Cumulative Model Updates":116396,"x_vel":-12.149977685566835,"Cumulative Timesteps":970904418,"_step":38812,"Policy Update Magnitude":0.5673556923866272,"y_vel":-19.755782357906668,"Total Iteration Time":7.107690599999842,"Value Function Loss":0.06627608587344487,"PPO Batch Consumption Time":0.46002447605133057,"Timestep Consumption Time":3.5059077000005345,"z_vel":4.173707792325763,"Mean KL Divergence":0.01676419408371051,"Timestep Collection Time":3.601782899999307,"_runtime":105487.4423279,"_wandb":{"runtime":105487},"SB3 Clip Fraction":0.16113999237616858,"Timesteps Collected":50048,"Collected Steps per Second":13895.340554815124,"Value Function Update Magnitude":0.5102991461753845,"_timestamp":1.737336607599338e+09,"Overall Steps per Second":7041.386973147243,"Policy Entropy":1.7867337663968403}