{"Timesteps Collected":50006,"Overall Steps per Second":9542.423740907103,"_wandb":{"runtime":307208},"x_vel":6.4288337441670595,"Policy Update Magnitude":0.43924179673194885,"Mean KL Divergence":0.009118375601246953,"y_vel":0.6088840680408536,"_timestamp":1.740861152857566e+09,"Value Function Loss":0.02004928948978583,"PPO Batch Consumption Time":0.2915676434834798,"Policy Reward":25359.29231674963,"Policy Entropy":3.763736685117086,"_runtime":307208.3647342,"Timestep Collection Time":2.7787956000029226,"Value Function Update Magnitude":0.5558071136474609,"Total Iteration Time":5.240387699996063,"Collected Steps per Second":17995.56613661955,"z_vel":-0.47272689503984144,"Timestep Consumption Time":2.4615920999931404,"_step":127531,"Cumulative Timesteps":1841681576,"SB3 Clip Fraction":0.12000999848047893,"Cumulative Model Updates":220866}