{"_wandb":{"runtime":2068},"_step":1041,"Policy Entropy":4.395007292429606,"x_vel":-22.09193002319325,"Mean KL Divergence":0.001805575603308777,"Collected Steps per Second":20984.080283050745,"Total Iteration Time":4.13941160000013,"y_vel":457.1098189907719,"Overall Steps per Second":12083.35986689471,"SB3 Clip Fraction":0.0054266667769600945,"Cumulative Model Updates":1558,"z_vel":11.892236068940612,"Timesteps Collected":50018,"PPO Batch Consumption Time":0.363237460454305,"Policy Reward":-0.027143561746988676,"Cumulative Timesteps":26062238,"Timestep Consumption Time":1.7557951000003413,"Value Function Update Magnitude":0.0826570987701416,"_timestamp":1.736979305642259e+09,"Timestep Collection Time":2.383616499999789,"Policy Update Magnitude":0.10638660192489624,"Value Function Loss":0.07094506174325943,"_runtime":2068.938861}