{"Policy Entropy":3.0986549059549966,"PPO Batch Consumption Time":0.297244389851888,"Timestep Collection Time":2.9564691999994466,"_step":39060,"Overall Steps per Second":9055.402203872889,"Total Iteration Time":5.525099700000283,"Value Function Update Magnitude":0.5227338075637817,"Policy Reward":1031.752187574995,"z_vel":3.9780334332415794,"_timestamp":1.738888980545663e+09,"Policy Update Magnitude":0.5499317646026611,"Cumulative Timesteps":976810756,"Timestep Consumption Time":2.568630500000836,"Timesteps Collected":50032,"_wandb":{"runtime":94665},"SB3 Clip Fraction":0.10895666480064392,"Collected Steps per Second":16922.888964988833,"Value Function Loss":0.004585345120479663,"x_vel":18.559535992464763,"_runtime":94665.2880951,"Mean KL Divergence":0.01117431636278828,"Cumulative Model Updates":117124,"y_vel":35.79421018744306}