{"z_vel":0.00409355855638062,"_step":1391,"Value Function Update Magnitude":0.04883596673607826,"Total Iteration Time":4.203875099999998,"_wandb":{"runtime":2595},"_timestamp":1.737101406562828e+09,"Policy Entropy":2.258586605389913,"_runtime":2595.160452,"x_vel":-0.07044763245727241,"Timestep Collection Time":2.8777562000000003,"Timestep Consumption Time":1.3261188999999973,"y_vel":0.2100770939589213,"Mean KL Divergence":0.0037442289758473635,"Cumulative Timesteps":34812996,"Cumulative Model Updates":4150,"Timesteps Collected":50034,"Policy Update Magnitude":0.07288503646850586,"PPO Batch Consumption Time":0.10753623644510905,"Overall Steps per Second":11901.875962014197,"Value Function Loss":2.6468114455540976,"SB3 Clip Fraction":0.013619999789322415,"Policy Reward":1659.1326334063701,"Collected Steps per Second":17386.46241123553}