{"Cumulative Timesteps":1686505168,"Timesteps Collected":50002,"_step":67437,"Policy Reward":38629.638808499054,"Value Function Update Magnitude":0.9721459746360779,"Policy Entropy":3.8185539642969766,"Policy Update Magnitude":0.626340925693512,"SB3 Clip Fraction":0.05653666518628597,"Overall Steps per Second":9592.426798033108,"PPO Batch Consumption Time":0.3402585983276367,"Timestep Consumption Time":2.8261320000019623,"Timestep Collection Time":2.386521799999173,"x_vel":3.280160437970639,"Mean KL Divergence":0.004895040610184272,"z_vel":-4.8792245591846894,"_runtime":160519.0573618,"Value Function Loss":0.02689019621660312,"Collected Steps per Second":20951.830400215633,"_wandb":{"runtime":160519},"Cumulative Model Updates":202244,"y_vel":7.019297353494836,"_timestamp":1.740629477151398e+09,"Total Iteration Time":5.212653800001135}