{"z_vel":-5.575004642673147,"Timestep Consumption Time":2.4602152000000004,"Cumulative Timesteps":339407934,"Cumulative Model Updates":40698,"Overall Steps per Second":10485.70977656254,"Policy Reward":4180.467522400506,"Value Function Loss":0.09424656008680661,"_wandb":{"runtime":31955},"Collected Steps per Second":21657.4801736184,"_timestamp":1.7404677104359329e+09,"Value Function Update Magnitude":0.45553502440452576,"Policy Update Magnitude":0.6835494041442871,"Timesteps Collected":50010,"PPO Batch Consumption Time":0.2828330993652344,"Timestep Collection Time":2.3091329000000016,"SB3 Clip Fraction":0.1034233309328556,"Total Iteration Time":4.769348100000002,"_step":13571,"Mean KL Divergence":0.009046947893997034,"x_vel":15.38678161368833,"Policy Entropy":3.601410746574402,"_runtime":31955.715777,"y_vel":0.7248868095361134}