{"Total Iteration Time":5.0678290000000175,"x_vel":-12.80968107524957,"Policy Entropy":1.9559956192970276,"_runtime":105968.6967814,"_step":38918,"_timestamp":1.7373448958907857e+09,"Policy Update Magnitude":0.33091968297958374,"Overall Steps per Second":9874.839896926243,"Timestep Collection Time":2.3185445000000016,"z_vel":4.2149753693236205,"y_vel":-21.20867769364529,"Timesteps Collected":50044,"Mean KL Divergence":0.005780352279543877,"Timestep Consumption Time":2.749284500000016,"PPO Batch Consumption Time":0.3155725399653117,"Value Function Update Magnitude":0.39928972721099854,"Cumulative Model Updates":116674,"Value Function Loss":0.05371753809352716,"Collected Steps per Second":21584.230969041124,"Cumulative Timesteps":973455370,"SB3 Clip Fraction":0.0664766648163398,"Policy Reward":22043.498037162182,"_wandb":{"runtime":105968}}