{"_wandb":{"runtime":222890},"Overall Steps per Second":4456.561958668389,"x_vel":19.876510525825175,"Value Function Loss":0.004117631314632793,"z_vel":0.8610986231551134,"Value Function Update Magnitude":0.5739075541496277,"Cumulative Model Updates":140484,"_step":92066,"Timestep Consumption Time":3.67263130000174,"y_vel":28.03953754030961,"Collected Steps per Second":6624.568978152944,"Policy Reward":3668.506713920806,"Timestep Collection Time":7.549472299999252,"Policy Update Magnitude":0.5767471194267273,"Policy Entropy":3.154337485631307,"Timesteps Collected":50012,"Cumulative Timesteps":1171667430,"Total Iteration Time":11.222103600000992,"SB3 Clip Fraction":0.11044999832908313,"_runtime":222890.3225825,"_timestamp":1.7393383949139977e+09,"PPO Batch Consumption Time":0.3579769929250081,"Mean KL Divergence":0.010800874947259823}