{"Value Function Update Magnitude":0.31744712591171265,"Timestep Collection Time":2.584048699998675,"Cumulative Model Updates":155176,"Cumulative Timesteps":1294878676,"SB3 Clip Fraction":0.10579332957665126,"Policy Entropy":1.6806505521138508,"Value Function Loss":0.040750917668143906,"_wandb":{"runtime":137509},"Timestep Consumption Time":2.437570699999924,"z_vel":4.434698922175689,"Policy Reward":17761.494848133992,"Collected Steps per Second":19354.89838098858,"_timestamp":1.737377958818713e+09,"x_vel":-18.049887666117332,"Total Iteration Time":5.021619399998599,"Mean KL Divergence":0.01248337576786677,"y_vel":-38.953347526062444,"Timesteps Collected":50014,"_step":51770,"_runtime":137509.6461395,"PPO Batch Consumption Time":0.27833835283915204,"Overall Steps per Second":9959.735299734974,"Policy Update Magnitude":0.29051026701927185}