{"Timestep Collection Time":4.651116099994397,"Timesteps Collected":50010,"y_vel":10.110802384801682,"_timestamp":1.7413252747224555e+09,"x_vel":6.4671891535416846,"Policy Reward":9789.461081757283,"Timestep Consumption Time":3.625457699992694,"Total Iteration Time":8.27657379998709,"PPO Batch Consumption Time":0.4318290948867798,"Value Function Update Magnitude":0.6637983918190002,"_wandb":{"runtime":242713},"_step":96735,"SB3 Clip Fraction":0.0740533322095871,"z_vel":-36.80636651697838,"Cumulative Timesteps":2419437730,"Collected Steps per Second":10752.25793655425,"Overall Steps per Second":6042.3553524138215,"Value Function Loss":0.7908643384774526,"_runtime":242713.2563105,"Mean KL Divergence":0.007116925514613588,"Policy Entropy":2.5022881825764975,"Cumulative Model Updates":290164,"Policy Update Magnitude":0.4549013674259186}