{"y_vel":8.147823652772267,"Total Iteration Time":5.299214000000575,"z_vel":10.891321117481905,"Mean KL Divergence":0.003918946914685269,"_wandb":{"runtime":557389},"Policy Reward":18.12413855535368,"Timestep Consumption Time":2.6181632000007085,"Timestep Collection Time":2.6810507999998663,"Cumulative Timesteps":3119336954,"Value Function Update Magnitude":0.32189056277275085,"Policy Entropy":4.013606786727905,"PPO Batch Consumption Time":0.27948590119679767,"SB3 Clip Fraction":0.028069999379416306,"_step":232610,"_runtime":557389.0766724,"Collected Steps per Second":18656.86394304893,"Policy Update Magnitude":0.24198734760284424,"Timesteps Collected":50020,"Cumulative Model Updates":374020,"Overall Steps per Second":9439.1356906882,"x_vel":51.83825271659154,"Value Function Loss":0.006261365643392007,"_timestamp":1.7398435418820705e+09}