{"Total Iteration Time":2.8847200999998677,"Collected Steps per Second":23981.04766350294,"x_vel":8.281700851314373,"y_vel":-8.319109654992296,"_runtime":16541.7647092,"Value Function Loss":0.07465597738822301,"Timestep Collection Time":2.085146600000371,"Mean KL Divergence":0.001988412424301108,"z_vel":-0.5561326118066171,"Timesteps Collected":50004,"Policy Entropy":0.5126580198605856,"_step":9617,"Cumulative Timesteps":240529996,"Policy Update Magnitude":0.01916196383535862,"Policy Reward":82015.06540355876,"Cumulative Model Updates":14410,"PPO Batch Consumption Time":0.06398272514343262,"Value Function Update Magnitude":0.01939305104315281,"_timestamp":1.7370802126397862e+09,"_wandb":{"runtime":16541},"SB3 Clip Fraction":0.02085999958217144,"Overall Steps per Second":17334.090749394472,"Timestep Consumption Time":0.7995734999994966}