{"Collected Steps per Second":18386.194869034047,"SB3 Clip Fraction":0.07673666439950466,"Policy Update Magnitude":0.3383658826351166,"Timestep Collection Time":2.7200842999999963,"_wandb":{"runtime":105820},"y_vel":10.715447430853004,"Mean KL Divergence":0.0066777664081503945,"_timestamp":1.737344405577259e+09,"Timestep Consumption Time":2.4387313000000006,"Value Function Loss":0.05824428734680017,"x_vel":1.0044473721122378,"Value Function Update Magnitude":0.3493157625198364,"Cumulative Timesteps":972054874,"Overall Steps per Second":9694.473281812987,"Timesteps Collected":50012,"Total Iteration Time":5.158815599999997,"PPO Batch Consumption Time":0.27965279420216876,"Policy Reward":9323.28830126651,"z_vel":4.168566784123052,"_step":38862,"_runtime":105820.5603886,"Policy Entropy":1.9660364985466003,"Cumulative Model Updates":116522}