{"Timesteps Collected":50014,"Policy Reward":192.79457081332984,"PPO Batch Consumption Time":0.30714793999989826,"x_vel":-16.891619637880723,"_runtime":411313.3626626,"_step":171426,"Policy Entropy":2.3382458686828613,"_timestamp":1.739676120625279e+09,"Total Iteration Time":5.336060499999803,"Mean KL Divergence":0.014283167819182077,"Timestep Consumption Time":2.579051200000322,"z_vel":3.3801288342646787,"Value Function Update Magnitude":0.6982816457748413,"Collected Steps per Second":18140.67148776372,"Overall Steps per Second":9372.832260803985,"SB3 Clip Fraction":0.09492999936143558,"y_vel":275.18940652043824,"_wandb":{"runtime":411313},"Value Function Loss":0.022054108791053295,"Cumulative Timesteps":2647184628,"Policy Update Magnitude":0.48708391189575195,"Timestep Collection Time":2.7570092999994813,"Cumulative Model Updates":317416}