{"_timestamp":1.7399016077585804e+09,"Cumulative Model Updates":48006,"_step":247560,"Policy Update Magnitude":0.24941299855709076,"Policy Entropy":2.9717711210250854,"y_vel":-77.61783359564447,"Overall Steps per Second":12195.286630917031,"Timestep Consumption Time":1.3738340999999998,"_runtime":592652.5840277,"Policy Reward":16.26022393622813,"PPO Batch Consumption Time":0.33737051486968994,"Cumulative Timesteps":400475208,"Collected Steps per Second":18335.239283997766,"Timesteps Collected":50032,"Timestep Collection Time":2.7287345,"Total Iteration Time":4.1025686,"_wandb":{"runtime":592652},"z_vel":10.7494612992298,"Value Function Update Magnitude":0.16408474743366241,"x_vel":76.54421522566012,"Mean KL Divergence":0.0015522549584973677,"Value Function Loss":0.00532099767588079,"SB3 Clip Fraction":0.01423999946564436}