{"_timestamp":1.737258654792844e+09,"Cumulative Timesteps":875819256,"Overall Steps per Second":10364.878033897208,"x_vel":34.54008109421176,"_wandb":{"runtime":95166},"Total Iteration Time":4.824176399999487,"Timesteps Collected":50002,"Collected Steps per Second":20905.49796786214,"Timestep Consumption Time":2.4323653999999806,"Value Function Update Magnitude":0.4599147140979767,"Mean KL Divergence":0.014480317011475563,"z_vel":4.247994158063177,"Policy Update Magnitude":0.5744321942329407,"Value Function Loss":0.06843466684222221,"Timestep Collection Time":2.3918109999995067,"y_vel":-3.704411791438445,"PPO Batch Consumption Time":0.2869376341501872,"Policy Reward":9225.646221098728,"_runtime":95166.608211,"SB3 Clip Fraction":0.14442666371663412,"Policy Entropy":1.7896706461906433,"_step":35010,"Cumulative Model Updates":105008}