{"Policy Entropy":0.7158161997795105,"_timestamp":1.7324684774993722e+09,"_runtime":99.9869554,"x_vel":25.4887768750224,"Value Function Update Magnitude":0.06510967761278152,"y_vel":426.75764163792536,"Total Iteration Time":3.933869400000006,"Timestep Consumption Time":1.780341000000007,"Cumulative Model Updates":72,"SB3 Clip Fraction":0.013893333574136099,"Policy Reward":0.001247403663051329,"Value Function Loss":0.04723259309927622,"Collected Steps per Second":23239.071284130743,"_wandb":{"runtime":100},"PPO Batch Consumption Time":0.32431761423746747,"_step":49,"Mean KL Divergence":0.0023312020736436048,"Timestep Collection Time":2.153528399999999,"Overall Steps per Second":12721.825488156755,"Timesteps Collected":50046,"Cumulative Timesteps":1250650,"Policy Update Magnitude":0.05706717446446419,"z_vel":18.22040630578673}