{"SB3 Clip Fraction":0.13817666346828142,"Cumulative Model Updates":83110,"Timesteps Collected":50020,"Overall Steps per Second":9974.190933492382,"y_vel":4.911364992594964,"Total Iteration Time":5.014943099999982,"Policy Reward":8041.5977206895395,"_runtime":76180.9141832,"_step":27704,"Policy Entropy":1.922832727432251,"Cumulative Timesteps":693102784,"z_vel":4.735766947437928,"PPO Batch Consumption Time":0.31194257736206055,"Value Function Loss":0.0880147044857343,"Mean KL Divergence":0.01343514397740364,"Policy Update Magnitude":0.5472221970558167,"Timestep Consumption Time":2.6576632999995127,"Collected Steps per Second":21219.373279315438,"_wandb":{"runtime":76181},"x_vel":0.27208427795069723,"Timestep Collection Time":2.3572798000004695,"_timestamp":1.7372312757147892e+09,"Value Function Update Magnitude":0.7162269353866577}