{"Mean KL Divergence":0.013516645412892103,"Value Function Update Magnitude":0.6170977354049683,"Collected Steps per Second":21551.65540656705,"Policy Reward":20027.86697129837,"PPO Batch Consumption Time":0.2889844973882039,"_timestamp":1.7386859856196346e+09,"_runtime":38981.4750448,"Timestep Collection Time":2.320378600001277,"_wandb":{"runtime":38981},"Timestep Consumption Time":2.4831140999958734,"Policy Update Magnitude":0.32467302680015564,"y_vel":61.206740678857145,"Cumulative Timesteps":399574914,"Total Iteration Time":4.80349269999715,"Value Function Loss":0.18494808177153269,"Overall Steps per Second":10410.75798866722,"SB3 Clip Fraction":0.11357999717195828,"x_vel":-2.119297125169328,"Timesteps Collected":50008,"Cumulative Model Updates":47912,"Policy Entropy":0.5483550528685252,"_step":15977,"z_vel":0.45268763014086955}