{"Overall Steps per Second":13077.90540088527,"_step":231,"Policy Entropy":0.6720141371091207,"Cumulative Timesteps":2101066,"Value Function Update Magnitude":0.060592543333768845,"x_vel":69.10839287450167,"_wandb":{"runtime":465},"Total Iteration Time":3.825230300000001,"Timesteps Collected":50026,"Timestep Collection Time":2.097915399999991,"y_vel":427.0599930783159,"z_vel":19.156416393782663,"Collected Steps per Second":23845.57546982124,"Timestep Consumption Time":1.7273149000000103,"Value Function Loss":0.03473335256179174,"_timestamp":1.7324717315773025e+09,"PPO Batch Consumption Time":0.3326719601949056,"Mean KL Divergence":0.001446526652822892,"Policy Update Magnitude":0.05249235779047012,"_runtime":465.3269229,"Cumulative Model Updates":120,"SB3 Clip Fraction":0.005466666693488757,"Policy Reward":0.015582428221887384}