{"_step":228808,"Timesteps Collected":50004,"Collected Steps per Second":13046.853268535107,"Value Function Update Magnitude":0.28598371148109436,"Timestep Consumption Time":93.23879360000001,"_timestamp":1.7398256200912328e+09,"Total Iteration Time":97.07144189999997,"Value Function Loss":0.007042308027545611,"Policy Update Magnitude":0.24067312479019165,"Policy Entropy":3.931546608606974,"y_vel":19.30987867396872,"Policy Reward":4.982059516656633,"PPO Batch Consumption Time":15.381489594777426,"Timestep Collection Time":3.83264829999996,"_runtime":548320.6527929,"Overall Steps per Second":515.1257570842781,"Cumulative Timesteps":3024256432,"z_vel":8.757801459013493,"_wandb":{"runtime":548320},"Cumulative Model Updates":362624,"SB3 Clip Fraction":0.02664666622877121,"x_vel":52.80713785939707,"Mean KL Divergence":0.003550881752744317}