{"_wandb":{"runtime":595330},"x_vel":13.571590957500813,"Timestep Collection Time":2.631373599999961,"_timestamp":1.7399129756942515e+09,"SB3 Clip Fraction":6.666666498252501e-06,"Policy Reward":13.719714666740776,"Total Iteration Time":5.23645190000002,"Policy Update Magnitude":0.05044738948345184,"z_vel":-20.250446962855452,"PPO Batch Consumption Time":0.30719979604085285,"Overall Steps per Second":9549.595977383045,"Mean KL Divergence":5.563967473184069e-05,"Cumulative Timesteps":427633624,"Value Function Loss":6.90415472490713e-05,"Timestep Consumption Time":2.6050783000000592,"Collected Steps per Second":19003.762901627022,"Value Function Update Magnitude":0.053640205413103104,"_step":248646,"Cumulative Model Updates":51244,"Timesteps Collected":50006,"Policy Entropy":4.498352289199829,"y_vel":89.35484531951441,"_runtime":595330.2891844}