{"Value Function Update Magnitude":0.6237767934799194,"_wandb":{"runtime":174582},"Timesteps Collected":50006,"Policy Update Magnitude":0.5403649806976318,"x_vel":9.966450241737139,"Mean KL Divergence":0.008476201755305132,"SB3 Clip Fraction":0.09390333170692126,"y_vel":34.013935842736544,"Policy Entropy":3.27171258131663,"_timestamp":1.7392529351932948e+09,"Total Iteration Time":4.9807484000011755,"Collected Steps per Second":20127.63738018165,"Cumulative Timesteps":677111692,"_step":72287,"Cumulative Model Updates":81186,"z_vel":0.3034132573757153,"PPO Batch Consumption Time":0.2946259578069051,"Timestep Consumption Time":2.4963037999987137,"Policy Reward":1200.1685747519252,"Timestep Collection Time":2.484444600002462,"Overall Steps per Second":10039.856660896221,"_runtime":174582.5876484,"Value Function Loss":0.004147158702835441}