{"Total Iteration Time":3.708709199999703,"z_vel":-0.02550015483121529,"Timestep Collection Time":2.357870599999842,"x_vel":-4.036176976679532,"_timestamp":1.7371413332539449e+09,"PPO Batch Consumption Time":0.1123120387395223,"Timestep Consumption Time":1.350838599999861,"Policy Update Magnitude":0.17267252504825592,"Timesteps Collected":50022,"Policy Entropy":0.6857903798421224,"_step":17521,"Mean KL Divergence":0.00465623545460403,"Cumulative Timesteps":438218274,"_wandb":{"runtime":38952},"Overall Steps per Second":13487.711573612729,"Cumulative Model Updates":52530,"Policy Reward":20792.356113458914,"y_vel":-6.849202017750956,"Value Function Update Magnitude":0.3983507752418518,"_runtime":38950.5769144,"SB3 Clip Fraction":0.051339998841285706,"Collected Steps per Second":21214.90466864609,"Value Function Loss":0.07701330880324046}