{"Timestep Consumption Time":2.616544400000066,"Policy Update Magnitude":0.6530236005783081,"Value Function Loss":0.06929282223184903,"Collected Steps per Second":20104.3714766847,"_timestamp":1.740500302977922e+09,"_runtime":64475.724374,"Timestep Collection Time":2.4875187000000096,"Total Iteration Time":5.104063100000076,"y_vel":39.592388846633824,"z_vel":-2.00387954541788,"Timesteps Collected":50010,"_wandb":{"runtime":64475},"Policy Entropy":3.713807980219523,"SB3 Clip Fraction":0.12233666330575943,"Cumulative Model Updates":82010,"Cumulative Timesteps":683920840,"PPO Batch Consumption Time":0.3146490653355916,"Mean KL Divergence":0.01200317544862628,"_step":27347,"Value Function Update Magnitude":0.7150256633758545,"Overall Steps per Second":9798.076359988429,"x_vel":0.4705986331540095,"Policy Reward":4038.2008026252493}